{"stats":{"minecraft:used":{"minecraft:spruce_slab":11,"minecraft:stone_shovel":120,"minecraft:ladder":6,"minecraft:poppy":3,"minecraft:spruce_planks":22,"minecraft:iron_sword":477,"minecraft:torch":32,"minecraft:dirt":42,"minecraft:anvil":3,"minecraft:hopper":8,"minecraft:carrot":25,"ironchest:iron_chest":8,"minecraft:iron_hoe":69,"minecraft:wooden_axe":41,"alexsmobs:lobster_tail":1,"minecraft:spruce_wood":6,"minecraft:iron_axe":295,"minecraft:rooted_dirt":16,"minecraft:birch_sapling":5,"minecraft:dark_oak_wood":6,"minecraft:smooth_quartz":31,"minecraft:golden_carrot":12,"minecraft:sweet_berries":40,"minecraft:oak_sapling":2,"ironchest:gold_chest":1,"minecraft:water_bucket":17,"minecraft:stone_pickaxe":82,"minecraft:wooden_pickaxe":10,"minecraft:sand":7,"minecraft:crafting_table":8,"minecraft:spruce_log":3,"minecraft:apple":1,"travelersbackpack:creeper":1,"minecraft:bread":46,"minecraft:iron_pickaxe":268,"minecraft:spruce_sapling":4,"ironchest:iron_to_gold_chest_upgrade":1,"minecraft:gravel":24,"minecraft:stone_axe":19,"minecraft:diamond_sword":1513,"minecraft:cobblestone":184,"minecraft:bucket":20,"minecraft:diamond_leggings":1,"minecraft:bone_meal":240},"minecraft:killed":{"minecraft:cave_spider":12,"alexsmobs:lobster":1,"minecraft:spider":18,"minecraft:skeleton":17,"minecraft:drowned":2,"alexsmobs:seal":2,"minecraft:iron_golem":3,"minecraft:creeper":1,"alexsmobs:catfish":1,"minecraft:zombie":12,"alexsmobs:crocodile":1,"alexsmobs:terrapin":1,"minecraft:wither_skeleton":316},"minecraft:crafted":{"minecraft:oak_planks":16,"minecraft:stone_shovel":1,"minecraft:bone_meal":567,"minecraft:hopper":8,"minecraft:iron_boots":1,"minecraft:iron_axe":3,"minecraft:ladder":6,"minecraft:iron_hoe":1,"minecraft:spruce_slab":24,"minecraft:stone_pickaxe":1,"minecraft:chest":28,"minecraft:dark_oak_planks":28,"ironchest:gold_chest":1,"minecraft:crafting_table":6,"minecraft:spruce_planks":232,"minecraft:wooden_pickaxe":1,"minecraft:iron_helmet":1,"minecraft:iron_sword":1,"ironchest:iron_to_gold_chest_upgrade":1,"minecraft:iron_chestplate":1,"minecraft:stick":16,"minecraft:iron_pickaxe":3,"minecraft:wooden_axe":2,"minecraft:iron_block":6,"minecraft:iron_leggings":1,"minecraft:anvil":2,"minecraft:torch":24,"ironchest:iron_chest":9},"minecraft:custom":{"minecraft:mob_kills":389,"minecraft:interact_with_anvil":16,"minecraft:interact_with_crafting_table":40,"minecraft:damage_dealt_resisted":35357,"minecraft:leave_game":13,"minecraft:time_since_death":6746,"minecraft:climb_one_cm":10617,"minecraft:sprint_one_cm":238178,"minecraft:walk_one_cm":490374,"minecraft:drop":68,"minecraft:talked_to_villager":4,"minecraft:play_time":250619,"minecraft:deaths":21,"minecraft:sneak_time":824,"minecraft:walk_under_water_one_cm":27677,"minecraft:jump":2930,"minecraft:interact_with_blast_furnace":1,"minecraft:walk_on_water_one_cm":44340,"minecraft:total_world_time":250619,"minecraft:interact_with_furnace":1,"minecraft:tune_noteblock":1,"minecraft:sleep_in_bed":3,"minecraft:time_since_rest":6785,"minecraft:damage_absorbed":259,"minecraft:damage_taken":9770,"minecraft:damage_dealt":113497,"minecraft:swim_one_cm":13606,"minecraft:fly_one_cm":409878,"minecraft:player_kills":11,"minecraft:open_chest":150,"minecraft:crouch_one_cm":1803,"minecraft:fall_one_cm":70566},"minecraft:broken":{"minecraft:iron_axe":1},"minecraft:mined":{"minecraft:dark_oak_planks":4,"minecraft:spruce_planks":14,"minecraft:farmland":1,"minecraft:ladder":5,"minecraft:grass_block":19,"minecraft:spruce_fence":1,"minecraft:spruce_leaves":7,"minecraft:hopper":1,"minecraft:rooted_dirt":14,"minecraft:spawner":7,"minecraft:large_fern":8,"minecraft:carrots":2,"minecraft:iron_ore":1,"minecraft:stripped_spruce_log":5,"minecraft:bookshelf":2,"minecraft:dirt_path":2,"minecraft:spruce_wood":13,"minecraft:stone":197,"minecraft:spruce_slab":7,"minecraft:podzol":14,"minecraft:crafting_table":2,"minecraft:torch":4,"minecraft:dark_oak_wood":15,"minecraft:cobblestone":47,"minecraft:wall_torch":4,"minecraft:coarse_dirt":10,"minecraft:wheat":1,"minecraft:sweet_berry_bush":4,"minecraft:spruce_log":148,"minecraft:grass":16,"minecraft:oak_log":4,"minecraft:coal_ore":9,"minecraft:dirt":4,"minecraft:gravel":69,"minecraft:cyan_carpet":2,"minecraft:smooth_quartz":76,"minecraft:cobweb":1,"minecraft:oak_leaves":4,"minecraft:fern":5},"minecraft:killed_by":{"minecraft:player":2,"minecraft:wither_skeleton":8,"minecraft:creeper":2,"minecraft:spider":2,"alexsmobs:cachalot_whale":1,"minecraft:cave_spider":2,"minecraft:skeleton":2},"minecraft:dropped":{"minecraft:iron_ingot":21,"minecraft:bread":16,"minecraft:wheat_seeds":1,"minecraft:cobblestone":2,"minecraft:rooted_dirt":17,"minecraft:stick":1,"minecraft:emerald":16,"minecraft:dark_oak_wood":1,"minecraft:wooden_axe":2,"minecraft:iron_leggings":1,"minecraft:bone_meal":193,"minecraft:iron_axe":1,"minecraft:iron_pickaxe":1,"minecraft:bucket":4,"minecraft:stone_axe":1,"minecraft:birch_sapling":2,"minecraft:wither_skeleton_skull":1,"minecraft:diamond_sword":7,"minecraft:beetroot_seeds":3,"minecraft:stone_pickaxe":1},"minecraft:picked_up":{"minecraft:wooden_axe":1,"minecraft:crafting_table":2,"minecraft:coarse_dirt":14,"minecraft:wheat":30,"minecraft:ladder":5,"minecraft:diamond_sword":8,"minecraft:potion":1,"minecraft:string":31,"minecraft:iron_axe":1,"travelersbackpack:creeper":1,"minecraft:diamond_leggings":1,"minecraft:bucket":4,"minecraft:spruce_planks":846,"minecraft:iron_nugget":15,"minecraft:poppy":4,"minecraft:smooth_quartz":70,"minecraft:spruce_slab":6,"minecraft:birch_sapling":4,"minecraft:stick":28,"minecraft:raw_iron":1,"minecraft:sandstone":3,"minecraft:copper_ingot":1,"minecraft:torch":13,"minecraft:spruce_stairs":1,"minecraft:spruce_fence":1,"minecraft:carrot":36,"minecraft:dark_oak_planks":2,"minecraft:rotten_flesh":16,"minecraft:arrow":17,"minecraft:diamond_boots":1,"alexsmobs:lobster_tail":1,"minecraft:cobblestone":230,"minecraft:golden_carrot":4,"minecraft:water_bucket":1,"minecraft:filled_map":1,"minecraft:flint":7,"minecraft:oak_log":4,"minecraft:chainmail_chestplate":1,"minecraft:wither_skeleton_skull":2,"minecraft:lapis_lazuli":9,"minecraft:dirt":49,"minecraft:bone":100,"minecraft:coast_armor_trim_smithing_template":2,"minecraft:hanging_roots":14,"minecraft:apple":1,"minecraft:wheat_seeds":7,"minecraft:spruce_wood":10,"minecraft:iron_ingot":21,"minecraft:book":15,"minecraft:sweet_berries":22,"minecraft:poisonous_potato":4,"minecraft:gravel":62,"minecraft:sand":8,"minecraft:stripped_spruce_log":4,"minecraft:spruce_sapling":51,"minecraft:ink_sac":3,"minecraft:spruce_log":142,"minecraft:spider_eye":13,"minecraft:iron_hoe":1,"minecraft:stone_axe":1,"minecraft:bone_meal":1,"minecraft:chainmail_helmet":8,"minecraft:emerald":25,"minecraft:bread":11,"alexsmobs:maggot":2,"minecraft:rooted_dirt":36,"minecraft:oak_sapling":2,"minecraft:dark_oak_wood":14,"minecraft:coal":32}},"DataVersion":3465}