{"stats":{"minecraft:picked_up":{"minecraft:wooden_axe":1,"minecraft:iron_chestplate":1,"mmorpg:currency/orb_of_quality":2,"minecraft:wheat":30,"minecraft:diamond_sword":32,"minecraft:potion":2,"artifacts:chorus_totem":1,"minecraft:wither_rose":1,"minecraft:enchanted_book":1,"minecraft:golden_sword":1,"minecraft:amethyst_block":3,"minecraft:string":146,"travelersbackpack:creeper":3,"minecraft:pufferfish":1,"alexsmobs:dropbear_claw":5,"alexsmobs:blood_sac":3,"minecraft:diamond_leggings":1,"minecraft:gold_nugget":11,"minecraft:cobbled_deepslate":909,"minecraft:bucket":4,"minecraft:spruce_planks":859,"minecraft:rose_bush":2,"minecraft:calcite":5,"minecraft:smooth_quartz":104,"alexsmobs:raccoon_tail":1,"minecraft:iron_boots":15,"mmorpg:gems/opal/0":1,"mmorpg:gems/emerald/0":1,"minecraft:stick":73,"artifacts:universal_attractor":4,"minecraft:torch":64,"minecraft:spruce_stairs":1,"alexsmobs:centipede_leg":2,"artifacts:lucky_scarf":2,"minecraft:rotten_flesh":76,"artifacts:villager_hat":3,"artifacts:panic_necklace":5,"minecraft:obsidian":4,"minecraft:cod":3,"alexsmobs:lobster_tail":1,"minecraft:cobblestone":432,"minecraft:nautilus_shell":1,"minecraft:magma_block":121,"minecraft:feather":12,"minecraft:magma_cream":3,"minecraft:water_bucket":1,"mmorpg:chest/common_gear":1,"mmorpg:gems/azurite/0":1,"artifacts:thorn_pendant":2,"minecraft:smoker":1,"alexsmobs:bear_fur":2,"minecraft:flint":14,"minecraft:tuff":22,"artifacts:flame_pendant":1,"minecraft:wither_skeleton_skull":14,"artifacts:pickaxe_heater":10,"minecraft:lapis_lazuli":9,"minecraft:dirt":52,"artifacts:flippers":1,"minecraft:name_tag":2,"artifacts:shock_pendant":1,"minecraft:hanging_roots":14,"minecraft:bone":522,"minecraft:bow":2,"minecraft:wheat_seeds":10,"minecraft:raw_gold":8,"minecraft:fletching_table":1,"artifacts:antidote_vessel":3,"minecraft:powered_rail":8,"mmorpg:skill_gems/support/str":2,"minecraft:ghast_tear":3,"minecraft:poisonous_potato":4,"minecraft:sand":65,"minecraft:stripped_spruce_log":5,"minecraft:ink_sac":47,"artifacts:plastic_drinking_hat":2,"minecraft:iron_hoe":1,"artifacts:golden_hook":3,"minecraft:diamond":7,"artifacts:crystal_heart":1,"minecraft:bone_meal":1,"minecraft:chainmail_helmet":8,"minecraft:emerald":4524,"minecraft:bread":12,"alexsmobs:maggot":2,"minecraft:rooted_dirt":38,"minecraft:oak_sapling":2,"minecraft:netherrack":1239,"minecraft:crimson_roots":1,"minecraft:coarse_dirt":15,"minecraft:crafting_table":2,"artifacts:night_vision_goggles":1,"minecraft:ladder":5,"minecraft:chest_minecart":5,"minecraft:gold_block":3,"minecraft:cornflower":1,"minecraft:iron_axe":1,"artifacts:power_glove":1,"minecraft:blackstone":26,"minecraft:cyan_carpet":4,"minecraft:detector_rail":8,"minecraft:iron_nugget":15,"minecraft:poppy":4,"minecraft:spruce_slab":19,"minecraft:birch_sapling":4,"minecraft:phantom_membrane":11,"minecraft:raw_iron":14,"minecraft:sandstone":48,"artifacts:charm_of_sinking":2,"minecraft:copper_ingot":28,"minecraft:spruce_fence":7,"minecraft:carrot":89,"mmorpg:skill_gems/support/int":1,"minecraft:redstone":29,"minecraft:dark_oak_planks":2,"minecraft:tnt":8,"artifacts:snorkel":4,"minecraft:arrow":79,"artifacts:cowboy_hat":2,"minecraft:diamond_boots":1,"artifacts:running_shoes":1,"artifacts:cross_necklace":3,"minecraft:saddle":1,"minecraft:gold_ingot":5,"minecraft:rail":102,"minecraft:white_wool":2,"minecraft:air":0,"minecraft:golden_carrot":4,"minecraft:glow_ink_sac":25,"minecraft:crimson_stem":4,"minecraft:yellow_dye":180,"artifacts:anglers_hat":3,"minecraft:filled_map":1,"artifacts:onion_ring":1,"minecraft:oak_log":4,"minecraft:chainmail_chestplate":18,"artifacts:superstitious_hat":2,"minecraft:nether_wart_block":1,"minecraft:gunpowder":14,"artifacts:cloud_in_a_bottle":1,"alexsmobs:mosquito_proboscis":1,"minecraft:cooked_mutton":2,"minecraft:podzol":1,"minecraft:coast_armor_trim_smithing_template":2,"minecraft:apple":1,"minecraft:kelp":4,"alexsmobs:cockroach_wing_fragment":2,"minecraft:spruce_wood":14,"minecraft:iron_ingot":171,"artifacts:whoopee_cushion":2,"artifacts:kitty_slippers":1,"artifacts:steadfast_spikes":1,"minecraft:iron_sword":5,"minecraft:book":27,"artifacts:obsidian_skull":4,"minecraft:smooth_basalt":185,"minecraft:sweet_berries":22,"minecraft:gravel":79,"mmorpg:stat_soul":1,"minecraft:amethyst_shard":30,"minecraft:spruce_sapling":105,"mmorpg:weapon/staff/wood":5,"minecraft:spruce_log":367,"artifacts:scarf_of_invisibility":2,"minecraft:spider_eye":30,"artifacts:helium_flamingo":1,"travelersbackpack:standard":5,"minecraft:purple_bed":2,"minecraft:stone_axe":1,"minecraft:chainmail_leggings":22,"minecraft:iron_helmet":3,"minecraft:terracotta":16,"minecraft:dark_oak_wood":15,"minecraft:coal":127,"mmorpg:offhand/dodge/iron":2,"minecraft:sunflower":787},"minecraft:dropped":{"minecraft:glow_ink_sac":19,"minecraft:rooted_dirt":17,"minecraft:chest_minecart":4,"minecraft:saddle":1,"travelersbackpack:standard":2,"artifacts:universal_attractor":1,"artifacts:anglers_hat":3,"minecraft:rail":51,"minecraft:flint":3,"minecraft:emerald":80,"minecraft:dirt":4,"artifacts:thorn_pendant":2,"artifacts:superstitious_hat":1,"minecraft:yellow_dye":120,"minecraft:cornflower":1,"minecraft:dark_oak_wood":2,"artifacts:charm_of_sinking":1,"minecraft:gold_nugget":2,"minecraft:sunflower":1587,"minecraft:bone_meal":251,"minecraft:sand":2,"minecraft:iron_pickaxe":1,"alexsmobs:raccoon_tail":1,"minecraft:white_wool":2,"minecraft:gold_ingot":22,"minecraft:bone":65,"minecraft:stone_axe":1,"minecraft:detector_rail":8,"minecraft:cobbled_deepslate":372,"minecraft:birch_sapling":2,"minecraft:rotten_flesh":11,"artifacts:villager_hat":2,"minecraft:cooked_mutton":2,"minecraft:carrot":3,"minecraft:chainmail_chestplate":26,"alexsmobs:blood_sac":3,"minecraft:gunpowder":8,"minecraft:beetroot_seeds":3,"artifacts:panic_necklace":2,"minecraft:arrow":58,"minecraft:powered_rail":8,"artifacts:scarf_of_invisibility":1,"minecraft:netherrack":611,"alexsmobs:mosquito_proboscis":1,"minecraft:iron_ingot":21,"minecraft:bread":40,"minecraft:wheat_seeds":1,"minecraft:tnt":21,"mmorpg:offhand/dodge/iron":1,"minecraft:bookshelf":1,"minecraft:feather":8,"minecraft:cobblestone":50,"artifacts:whoopee_cushion":1,"minecraft:coal":9,"minecraft:stick":2,"artifacts:snorkel":3,"minecraft:golden_carrot":21,"minecraft:ink_sac":11,"minecraft:smooth_quartz":2,"minecraft:rose_bush":2,"minecraft:wooden_axe":2,"artifacts:obsidian_skull":3,"alexsmobs:dropbear_claw":5,"artifacts:plastic_drinking_hat":1,"minecraft:potion":3,"minecraft:iron_leggings":1,"artifacts:crystal_heart":1,"mmorpg:gems/azurite/0":1,"minecraft:wither_rose":1,"minecraft:iron_axe":1,"minecraft:chainmail_leggings":32,"minecraft:string":59,"minecraft:bucket":4,"minecraft:redstone":29,"minecraft:smooth_basalt":64,"minecraft:kelp":4,"minecraft:wither_skeleton_skull":1,"minecraft:iron_boots":19,"artifacts:golden_hook":1,"alexsmobs:bear_fur":2,"minecraft:flint_and_steel":1,"minecraft:diamond_sword":10,"mmorpg:currency/orb_of_quality":1,"alexsmobs:cockroach_wing_fragment":1,"minecraft:diamond_chestplate":1,"minecraft:spruce_planks":3,"minecraft:diamond_pickaxe":1,"artifacts:steadfast_spikes":1,"artifacts:antidote_vessel":2,"artifacts:pickaxe_heater":8,"artifacts:onion_ring":1,"minecraft:spider_eye":4,"artifacts:cross_necklace":1,"minecraft:bow":2,"minecraft:stone_pickaxe":1,"minecraft:magma_block":116,"minecraft:terracotta":8},"minecraft:broken":{"minecraft:diamond_helmet":1,"minecraft:iron_axe":2,"minecraft:iron_helmet":1},"minecraft:killed_by":{"minecraft:wither_skeleton":10,"minecraft:creeper":2,"alexsmobs:cachalot_whale":1,"minecraft:cave_spider":2,"artifacts:mimic":4,"minecraft:player":6,"minecraft:spider":3,"minecraft:warden":5,"minecraft:skeleton":3},"minecraft:killed":{"minecraft:cave_spider":37,"alexsmobs:lobster":1,"minecraft:witch":2,"minecraft:spider":41,"minecraft:skeleton":54,"alexsmobs:orca":2,"minecraft:silverfish":19,"alexsmobs:straddler":1,"alexsmobs:centipede_head":2,"artifacts:mimic":45,"minecraft:magma_cube":3,"minecraft:piglin":3,"alexsmobs:grizzly_bear":1,"minecraft:zombie_villager":1,"alexsmobs:seal":3,"minecraft:iron_golem":4,"alexsmobs:stradpole":7,"minecraft:creeper":14,"alexsmobs:crimson_mosquito":1,"minecraft:sheep":2,"minecraft:zombie":42,"alexsmobs:terrapin":3,"minecraft:ghast":2,"alexsmobs:dropbear":1,"minecraft:vindicator":1,"alexsmobs:seagull":3,"minecraft:phantom":8,"minecraft:drowned":23,"minecraft:warden":1,"minecraft:husk":3,"minecraft:bat":2,"minecraft:frog":1,"minecraft:squid":1,"alexsmobs:catfish":1,"alexsmobs:crocodile":1,"alexsmobs:crow":1,"minecraft:wither_skeleton":932,"minecraft:villager":1,"minecraft:enderman":1},"minecraft:crafted":{"minecraft:oak_planks":16,"minecraft:chainmail_helmet":12,"minecraft:diamond_shovel":1,"minecraft:bookshelf":28,"minecraft:glass":67,"minecraft:hopper":8,"minecraft:bow":1,"minecraft:diamond_helmet":4,"minecraft:diamond_leggings":3,"minecraft:iron_boots":13,"minecraft:chest":29,"minecraft:arrow":64,"minecraft:emerald":7,"minecraft:diamond_axe":2,"minecraft:crafting_table":7,"minecraft:spruce_planks":448,"minecraft:wooden_pickaxe":1,"minecraft:iron_helmet":1,"minecraft:chainmail_chestplate":9,"minecraft:campfire":1,"minecraft:yellow_stained_glass":32,"minecraft:iron_chestplate":1,"minecraft:yellow_dye":128,"minecraft:diamond_pickaxe":1,"minecraft:stick":48,"minecraft:iron_pickaxe":3,"minecraft:iron_block":6,"minecraft:gold_ingot":420,"minecraft:golden_carrot":84,"minecraft:stone_shovel":1,"ironchest:diamond_to_crystal_chest_upgrade":1,"minecraft:bone_meal":705,"ironchest:gold_to_diamond_chest_upgrade":1,"minecraft:flint_and_steel":1,"minecraft:iron_axe":3,"minecraft:spruce_slab":24,"minecraft:ladder":6,"minecraft:iron_hoe":1,"minecraft:stone_pickaxe":3,"minecraft:diamond_boots":3,"minecraft:dark_oak_planks":28,"minecraft:chainmail_leggings":12,"ironchest:gold_chest":2,"minecraft:crimson_planks":4,"ironchest:wood_to_iron_chest_upgrade":8,"minecraft:iron_sword":1,"minecraft:bucket":1,"minecraft:air":0,"ironchest:iron_to_gold_chest_upgrade":12,"minecraft:gold_nugget":738,"minecraft:wooden_axe":2,"minecraft:iron_leggings":1,"minecraft:anvil":2,"minecraft:torch":128,"minecraft:diamond_chestplate":2,"ironchest:iron_chest":10},"minecraft:custom":{"minecraft:blood":0,"minecraft:dexterity":40,"minecraft:interact_with_crafting_table":82,"minecraft:open_barrel":16,"minecraft:eat_cake_slice":2,"minecraft:leave_game":18,"minecraft:time_since_death":96399,"minecraft:sprint_one_cm":784990,"minecraft:drop":379,"minecraft:health":382,"minecraft:play_noteblock":7,"minecraft:talked_to_villager":20,"minecraft:play_time":739611,"minecraft:deaths":45,"minecraft:jump":8950,"minecraft:energy":594,"minecraft:enchant_item":10,"minecraft:walk_on_water_one_cm":186164,"minecraft:interact_with_furnace":9,"minecraft:intelligence":18,"minecraft:traded_with_villager":72,"minecraft:sleep_in_bed":9,"minecraft:levels_gained":11,"minecraft:waystone_activated":1,"minecraft:damage_dealt":280383,"minecraft:player_kills":26,"minecraft:crouch_one_cm":3329,"minecraft:interact_with_anvil":25,"minecraft:mob_kills":1293,"minecraft:inspect_hopper":4,"minecraft:damage_dealt_resisted":179250,"minecraft:climb_one_cm":22398,"minecraft:mana":360,"minecraft:magic_shield":22,"minecraft:walk_one_cm":1451682,"minecraft:sneak_time":3291,"minecraft:walk_under_water_one_cm":172078,"minecraft:interact_with_blast_furnace":3,"minecraft:total_world_time":739611,"minecraft:move_speed":0,"minecraft:tune_noteblock":3,"minecraft:time_since_rest":96561,"minecraft:damage_absorbed":549,"minecraft:damage_taken":28507,"minecraft:swim_one_cm":84042,"minecraft:fly_one_cm":1772117,"minecraft:open_chest":352,"minecraft:strength":36,"minecraft:fall_one_cm":421880},"minecraft:used":{"minecraft:spruce_slab":23,"minecraft:ladder":6,"minecraft:poppy":3,"minecraft:iron_sword":1314,"ironchest:iron_chest":8,"minecraft:carrot":40,"minecraft:tuff":10,"enchantinginfuser:advanced_enchanting_infuser":1,"alexsmobs:lobster_tail":1,"minecraft:spruce_wood":6,"minecraft:birch_sapling":5,"minecraft:dark_oak_wood":6,"minecraft:magma_block":5,"minecraft:bow":79,"minecraft:sweet_berries":40,"minecraft:oak_sapling":2,"minecraft:stone_pickaxe":280,"minecraft:wooden_pickaxe":10,"minecraft:sandstone":4,"minecraft:diamond_axe":70,"minecraft:golden_apple":1,"minecraft:sand":7,"minecraft:bread":98,"ironchest:iron_to_gold_chest_upgrade":8,"minecraft:gravel":28,"minecraft:diamond_sword":3408,"minecraft:coarse_dirt":1,"minecraft:bone_meal":310,"minecraft:experience_bottle":31,"ironchest:wood_to_iron_chest_upgrade":8,"minecraft:flint_and_steel":7,"minecraft:stone_shovel":120,"minecraft:spruce_planks":56,"minecraft:netherrack":58,"minecraft:torch":187,"minecraft:dirt":43,"minecraft:anvil":3,"minecraft:hopper":8,"minecraft:iron_hoe":69,"minecraft:wooden_axe":41,"minecraft:bookshelf":91,"minecraft:rooted_dirt":16,"minecraft:iron_axe":542,"minecraft:smooth_quartz":31,"minecraft:golden_carrot":99,"ironchest:diamond_to_crystal_chest_upgrade":1,"ironchest:gold_chest":2,"minecraft:podzol":1,"minecraft:cobbled_deepslate":166,"minecraft:water_bucket":26,"ironchest:gold_to_diamond_chest_upgrade":1,"minecraft:tnt":91,"minecraft:crafting_table":9,"minecraft:campfire":1,"minecraft:spruce_log":11,"minecraft:smoker":1,"minecraft:diamond_pickaxe":1786,"minecraft:apple":1,"minecraft:diamond_shovel":62,"travelersbackpack:creeper":6,"minecraft:iron_pickaxe":474,"minecraft:spruce_sapling":6,"mmorpg:weapon/staff/wood":2,"minecraft:stone_axe":19,"minecraft:purple_bed":2,"minecraft:cobblestone":335,"travelersbackpack:standard":26,"minecraft:bucket":28,"minecraft:diamond_leggings":1},"minecraft:mined":{"minecraft:dark_oak_planks":5,"minecraft:spruce_planks":21,"minecraft:farmland":1,"minecraft:red_nether_bricks":4,"minecraft:obsidian":4,"minecraft:budding_amethyst":1,"minecraft:grass_block":22,"minecraft:hopper":1,"minecraft:spawner":20,"minecraft:tall_seagrass":1,"minecraft:magma_block":111,"minecraft:iron_ore":9,"minecraft:cobbled_deepslate":15,"minecraft:fire":12,"minecraft:deepslate_lapis_ore":1,"minecraft:fletching_table":1,"minecraft:dirt_path":2,"minecraft:spruce_wood":17,"minecraft:stripped_mangrove_wood":15,"minecraft:spruce_slab":9,"minecraft:green_bed":1,"minecraft:deepslate_redstone_ore":3,"minecraft:blackstone":26,"minecraft:kelp_plant":14,"minecraft:crimson_nylium":5,"minecraft:smoker":1,"minecraft:amethyst_cluster":7,"minecraft:torch":10,"minecraft:dark_oak_wood":16,"minecraft:calcite":7,"minecraft:wither_skeleton_wall_skull":1,"minecraft:cobblestone":60,"minecraft:wall_torch":6,"minecraft:amethyst_block":3,"minecraft:seagrass":2,"minecraft:cyan_wool":2,"minecraft:nether_wart_block":1,"minecraft:wheat":1,"minecraft:tnt":1,"minecraft:wither_rose":1,"minecraft:grass":30,"minecraft:oak_log":4,"minecraft:smooth_quartz":111,"minecraft:dirt":6,"minecraft:sand":65,"minecraft:smooth_basalt":92,"minecraft:netherrack":1148,"minecraft:oak_leaves":4,"minecraft:deepslate":292,"travelersbackpack:creeper":2,"minecraft:dark_prismarine":3,"minecraft:nether_gold_ore":1,"minecraft:tuff":32,"minecraft:deepslate_diamond_ore":1,"minecraft:ladder":5,"minecraft:spruce_fence":5,"minecraft:spruce_leaves":10,"minecraft:kelp":5,"minecraft:rooted_dirt":16,"minecraft:sandstone":73,"minecraft:crimson_stem":4,"minecraft:large_fern":16,"minecraft:carrots":18,"minecraft:stripped_spruce_log":6,"minecraft:gold_block":3,"minecraft:bookshelf":3,"minecraft:deepslate_iron_ore":19,"minecraft:lantern":1,"minecraft:stone":390,"minecraft:podzol":15,"minecraft:glass_pane":1,"minecraft:basalt":19,"travelersbackpack:standard":2,"minecraft:crafting_table":2,"minecraft:cornflower":1,"minecraft:rose_bush":2,"minecraft:campfire":2,"minecraft:copper_ore":7,"minecraft:deepslate_gold_ore":8,"minecraft:purple_bed":2,"minecraft:coarse_dirt":11,"minecraft:brick_slab":1,"minecraft:sweet_berry_bush":4,"minecraft:spruce_log":385,"minecraft:birch_leaves":4,"minecraft:mangrove_slab":1,"minecraft:coal_ore":22,"minecraft:cyan_carpet":7,"minecraft:gravel":76,"minecraft:cobweb":2,"minecraft:terracotta":8,"minecraft:polished_andesite":2,"minecraft:fern":11}},"DataVersion":3465}