{"stats":{"minecraft:used":{"minecraft:spruce_slab":11,"minecraft:stone_shovel":120,"minecraft:ladder":6,"minecraft:poppy":3,"minecraft:spruce_planks":24,"minecraft:iron_sword":477,"minecraft:torch":53,"minecraft:dirt":42,"minecraft:anvil":3,"minecraft:hopper":8,"minecraft:carrot":25,"minecraft:tuff":10,"ironchest:iron_chest":8,"minecraft:iron_hoe":69,"minecraft:wooden_axe":41,"alexsmobs:lobster_tail":1,"minecraft:spruce_wood":6,"minecraft:iron_axe":539,"minecraft:rooted_dirt":16,"minecraft:birch_sapling":5,"minecraft:dark_oak_wood":6,"minecraft:smooth_quartz":31,"minecraft:bow":19,"minecraft:golden_carrot":12,"minecraft:sweet_berries":40,"minecraft:oak_sapling":2,"ironchest:gold_chest":1,"minecraft:cobbled_deepslate":25,"minecraft:water_bucket":18,"minecraft:stone_pickaxe":266,"minecraft:wooden_pickaxe":10,"minecraft:golden_apple":1,"minecraft:sand":7,"minecraft:crafting_table":9,"minecraft:campfire":1,"minecraft:spruce_log":3,"minecraft:apple":1,"travelersbackpack:creeper":6,"minecraft:bread":73,"minecraft:iron_pickaxe":474,"minecraft:spruce_sapling":6,"ironchest:iron_to_gold_chest_upgrade":1,"minecraft:gravel":24,"minecraft:stone_axe":19,"minecraft:diamond_sword":2149,"travelersbackpack:standard":4,"minecraft:purple_bed":1,"minecraft:cobblestone":210,"minecraft:bucket":21,"minecraft:coarse_dirt":1,"minecraft:diamond_leggings":1,"minecraft:bone_meal":310},"minecraft:killed":{"minecraft:cave_spider":12,"alexsmobs:lobster":1,"minecraft:spider":25,"alexsmobs:seagull":3,"minecraft:skeleton":22,"alexsmobs:orca":2,"alexsmobs:centipede_head":2,"minecraft:drowned":22,"artifacts:mimic":11,"alexsmobs:seal":3,"minecraft:iron_golem":3,"minecraft:creeper":13,"minecraft:squid":1,"alexsmobs:catfish":1,"minecraft:zombie":23,"alexsmobs:crocodile":1,"alexsmobs:terrapin":1,"alexsmobs:crow":1,"minecraft:wither_skeleton":450,"minecraft:villager":1},"minecraft:crafted":{"minecraft:chainmail_helmet":12,"minecraft:oak_planks":16,"minecraft:stone_shovel":1,"minecraft:bone_meal":705,"minecraft:hopper":8,"minecraft:bow":1,"minecraft:iron_boots":1,"minecraft:iron_axe":3,"minecraft:ladder":6,"minecraft:iron_hoe":1,"minecraft:spruce_slab":24,"minecraft:stone_pickaxe":3,"minecraft:chest":28,"minecraft:dark_oak_planks":28,"ironchest:gold_chest":1,"minecraft:arrow":64,"minecraft:emerald":7,"minecraft:crafting_table":7,"minecraft:spruce_planks":232,"minecraft:wooden_pickaxe":1,"minecraft:iron_helmet":1,"minecraft:iron_sword":1,"minecraft:campfire":1,"minecraft:air":0,"ironchest:iron_to_gold_chest_upgrade":1,"minecraft:iron_chestplate":1,"minecraft:stick":44,"minecraft:iron_pickaxe":3,"minecraft:wooden_axe":2,"minecraft:iron_block":6,"minecraft:iron_leggings":1,"minecraft:anvil":2,"minecraft:torch":92,"ironchest:iron_chest":9},"minecraft:custom":{"minecraft:mob_kills":603,"minecraft:interact_with_anvil":18,"minecraft:interact_with_crafting_table":50,"minecraft:open_barrel":1,"minecraft:damage_dealt_resisted":50125,"minecraft:leave_game":13,"minecraft:time_since_death":553,"minecraft:climb_one_cm":10617,"minecraft:sprint_one_cm":310886,"minecraft:walk_one_cm":650655,"minecraft:drop":93,"minecraft:talked_to_villager":9,"minecraft:play_time":346619,"minecraft:deaths":27,"minecraft:sneak_time":1531,"minecraft:walk_under_water_one_cm":102804,"minecraft:jump":4077,"minecraft:interact_with_blast_furnace":1,"minecraft:walk_on_water_one_cm":127827,"minecraft:total_world_time":346619,"minecraft:interact_with_furnace":3,"minecraft:traded_with_villager":24,"minecraft:tune_noteblock":1,"minecraft:sleep_in_bed":8,"minecraft:time_since_rest":597,"minecraft:damage_absorbed":380,"minecraft:damage_taken":12876,"minecraft:damage_dealt":157970,"minecraft:swim_one_cm":30938,"minecraft:fly_one_cm":603583,"minecraft:player_kills":13,"minecraft:open_chest":206,"minecraft:crouch_one_cm":2245,"minecraft:fall_one_cm":114290},"minecraft:broken":{"minecraft:iron_axe":2,"minecraft:iron_helmet":1},"minecraft:mined":{"minecraft:dark_oak_planks":4,"travelersbackpack:creeper":2,"minecraft:tuff":22,"minecraft:spruce_planks":14,"minecraft:farmland":1,"minecraft:ladder":5,"minecraft:budding_amethyst":1,"minecraft:grass_block":19,"minecraft:spruce_fence":1,"minecraft:spruce_leaves":7,"minecraft:hopper":1,"minecraft:sandstone":28,"minecraft:rooted_dirt":14,"minecraft:spawner":7,"minecraft:large_fern":11,"minecraft:carrots":2,"minecraft:iron_ore":3,"minecraft:cobbled_deepslate":1,"minecraft:stripped_spruce_log":6,"minecraft:deepslate_iron_ore":11,"minecraft:bookshelf":2,"minecraft:dirt_path":2,"minecraft:spruce_wood":13,"minecraft:stone":304,"minecraft:spruce_slab":7,"minecraft:podzol":14,"minecraft:glass_pane":1,"minecraft:amethyst_cluster":7,"travelersbackpack:standard":1,"minecraft:crafting_table":2,"minecraft:torch":7,"minecraft:dark_oak_wood":15,"minecraft:calcite":5,"minecraft:campfire":1,"minecraft:cobblestone":51,"minecraft:deepslate_gold_ore":8,"minecraft:wall_torch":5,"minecraft:amethyst_block":3,"minecraft:purple_bed":1,"minecraft:coarse_dirt":11,"minecraft:wheat":1,"minecraft:sweet_berry_bush":4,"minecraft:birch_leaves":3,"minecraft:spruce_log":365,"minecraft:grass":24,"minecraft:oak_log":4,"minecraft:coal_ore":9,"minecraft:sand":4,"minecraft:dirt":4,"minecraft:gravel":69,"minecraft:cyan_carpet":2,"minecraft:smooth_quartz":76,"minecraft:cobweb":1,"minecraft:smooth_basalt":4,"minecraft:deepslate":183,"minecraft:oak_leaves":4,"minecraft:fern":9},"minecraft:killed_by":{"minecraft:player":3,"minecraft:wither_skeleton":9,"minecraft:creeper":2,"minecraft:spider":2,"alexsmobs:cachalot_whale":1,"minecraft:cave_spider":2,"minecraft:skeleton":2,"artifacts:mimic":3},"minecraft:dropped":{"minecraft:iron_ingot":21,"minecraft:bread":16,"minecraft:wheat_seeds":1,"minecraft:cobblestone":2,"minecraft:rooted_dirt":17,"minecraft:chest_minecart":1,"artifacts:universal_attractor":1,"travelersbackpack:standard":2,"minecraft:rail":51,"minecraft:stick":1,"minecraft:emerald":16,"artifacts:thorn_pendant":1,"artifacts:snorkel":2,"minecraft:ink_sac":3,"minecraft:dark_oak_wood":1,"artifacts:obsidian_skull":2,"minecraft:wooden_axe":2,"minecraft:sand":1,"minecraft:iron_leggings":1,"minecraft:bone_meal":193,"minecraft:iron_axe":1,"minecraft:iron_pickaxe":1,"minecraft:bucket":4,"minecraft:stone_axe":1,"minecraft:detector_rail":4,"minecraft:cobbled_deepslate":170,"minecraft:birch_sapling":2,"artifacts:villager_hat":1,"minecraft:wither_skeleton_skull":1,"minecraft:diamond_sword":7,"alexsmobs:cockroach_wing_fragment":1,"minecraft:beetroot_seeds":3,"artifacts:panic_necklace":2,"artifacts:onion_ring":1,"minecraft:arrow":56,"minecraft:stone_pickaxe":1},"minecraft:picked_up":{"minecraft:wooden_axe":1,"minecraft:crafting_table":2,"minecraft:coarse_dirt":15,"minecraft:wheat":30,"artifacts:night_vision_goggles":1,"minecraft:ladder":5,"minecraft:chest_minecart":5,"minecraft:diamond_sword":8,"minecraft:enchanted_book":1,"minecraft:potion":1,"minecraft:amethyst_block":3,"minecraft:string":40,"minecraft:iron_axe":1,"artifacts:power_glove":1,"travelersbackpack:creeper":3,"minecraft:detector_rail":8,"minecraft:diamond_leggings":1,"minecraft:cobbled_deepslate":269,"minecraft:bucket":4,"minecraft:spruce_planks":846,"alexsmobs:raccoon_tail":1,"minecraft:calcite":5,"minecraft:iron_nugget":15,"minecraft:poppy":4,"minecraft:smooth_quartz":70,"minecraft:spruce_slab":6,"minecraft:birch_sapling":4,"artifacts:universal_attractor":2,"minecraft:stick":54,"minecraft:raw_iron":14,"minecraft:sandstone":29,"minecraft:copper_ingot":3,"minecraft:torch":59,"minecraft:spruce_stairs":1,"minecraft:spruce_fence":1,"minecraft:carrot":36,"alexsmobs:centipede_leg":2,"minecraft:dark_oak_planks":2,"artifacts:cowboy_hat":1,"artifacts:snorkel":4,"minecraft:rotten_flesh":46,"minecraft:arrow":32,"artifacts:villager_hat":1,"minecraft:diamond_boots":1,"minecraft:gold_ingot":2,"artifacts:panic_necklace":4,"minecraft:white_wool":2,"minecraft:rail":102,"alexsmobs:lobster_tail":1,"minecraft:cobblestone":340,"minecraft:nautilus_shell":1,"minecraft:feather":12,"minecraft:air":0,"minecraft:golden_carrot":4,"minecraft:glow_ink_sac":20,"minecraft:water_bucket":1,"artifacts:thorn_pendant":1,"minecraft:filled_map":1,"artifacts:onion_ring":1,"minecraft:flint":7,"minecraft:tuff":22,"minecraft:oak_log":4,"minecraft:chainmail_chestplate":1,"artifacts:flame_pendant":1,"artifacts:cloud_in_a_bottle":1,"minecraft:gunpowder":10,"minecraft:wither_skeleton_skull":4,"artifacts:pickaxe_heater":1,"minecraft:lapis_lazuli":9,"minecraft:dirt":49,"artifacts:flippers":1,"minecraft:name_tag":2,"minecraft:bone":138,"minecraft:coast_armor_trim_smithing_template":2,"minecraft:hanging_roots":14,"minecraft:apple":1,"minecraft:wheat_seeds":7,"alexsmobs:cockroach_wing_fragment":2,"minecraft:raw_gold":8,"minecraft:spruce_wood":10,"minecraft:iron_ingot":25,"artifacts:kitty_slippers":1,"artifacts:antidote_vessel":1,"minecraft:powered_rail":8,"minecraft:book":15,"artifacts:obsidian_skull":3,"minecraft:smooth_basalt":4,"minecraft:sweet_berries":22,"minecraft:poisonous_potato":4,"minecraft:gravel":62,"minecraft:sand":13,"minecraft:amethyst_shard":30,"minecraft:stripped_spruce_log":5,"minecraft:spruce_sapling":99,"minecraft:ink_sac":29,"minecraft:spruce_log":351,"minecraft:spider_eye":14,"travelersbackpack:standard":4,"minecraft:iron_hoe":1,"minecraft:purple_bed":1,"minecraft:stone_axe":1,"minecraft:bone_meal":1,"minecraft:chainmail_helmet":8,"minecraft:emerald":25,"minecraft:bread":12,"alexsmobs:maggot":2,"minecraft:rooted_dirt":36,"minecraft:oak_sapling":2,"minecraft:dark_oak_wood":14,"minecraft:coal":52}},"DataVersion":3465}