{"stats":{"minecraft:used":{"minecraft:spruce_slab":11,"minecraft:poppy":3,"minecraft:ladder":6,"minecraft:iron_sword":477,"minecraft:carrot":40,"ironchest:iron_chest":8,"minecraft:tuff":10,"alexsmobs:lobster_tail":1,"minecraft:spruce_wood":6,"minecraft:birch_sapling":5,"minecraft:dark_oak_wood":6,"minecraft:bow":19,"minecraft:sweet_berries":40,"minecraft:oak_sapling":2,"minecraft:stone_pickaxe":280,"minecraft:wooden_pickaxe":10,"minecraft:golden_apple":1,"minecraft:sand":7,"minecraft:bread":96,"ironchest:iron_to_gold_chest_upgrade":1,"minecraft:gravel":28,"minecraft:diamond_sword":2349,"minecraft:coarse_dirt":1,"minecraft:bone_meal":310,"minecraft:stone_shovel":120,"minecraft:spruce_planks":48,"minecraft:torch":53,"minecraft:dirt":42,"minecraft:anvil":3,"minecraft:hopper":8,"minecraft:iron_hoe":69,"minecraft:wooden_axe":41,"minecraft:rooted_dirt":16,"minecraft:iron_axe":539,"minecraft:smooth_quartz":31,"minecraft:golden_carrot":15,"ironchest:gold_chest":2,"minecraft:cobbled_deepslate":28,"minecraft:water_bucket":26,"minecraft:crafting_table":9,"minecraft:campfire":1,"minecraft:spruce_log":11,"minecraft:apple":1,"travelersbackpack:creeper":6,"minecraft:iron_pickaxe":474,"minecraft:spruce_sapling":6,"minecraft:stone_axe":19,"minecraft:cobblestone":234,"travelersbackpack:standard":13,"minecraft:purple_bed":1,"minecraft:bucket":28,"minecraft:diamond_leggings":1},"minecraft:killed":{"alexsmobs:lobster":1,"minecraft:cave_spider":12,"minecraft:witch":1,"minecraft:spider":25,"minecraft:skeleton":23,"alexsmobs:orca":2,"alexsmobs:centipede_head":2,"artifacts:mimic":31,"minecraft:iron_golem":3,"alexsmobs:seal":3,"minecraft:creeper":14,"minecraft:zombie":26,"alexsmobs:terrapin":2,"alexsmobs:seagull":3,"minecraft:drowned":23,"minecraft:squid":1,"alexsmobs:catfish":1,"alexsmobs:crocodile":1,"alexsmobs:crow":1,"minecraft:wither_skeleton":508,"minecraft:villager":1},"minecraft:crafted":{"minecraft:oak_planks":16,"minecraft:chainmail_helmet":12,"minecraft:glass":29,"minecraft:hopper":8,"minecraft:diamond_helmet":3,"minecraft:diamond_leggings":3,"minecraft:bow":1,"minecraft:iron_boots":13,"minecraft:chest":29,"minecraft:arrow":64,"minecraft:emerald":7,"minecraft:crafting_table":7,"minecraft:spruce_planks":256,"minecraft:wooden_pickaxe":1,"minecraft:iron_helmet":1,"minecraft:chainmail_chestplate":9,"minecraft:campfire":1,"minecraft:iron_chestplate":1,"minecraft:stick":44,"minecraft:iron_pickaxe":3,"minecraft:iron_block":6,"minecraft:gold_ingot":384,"minecraft:golden_carrot":84,"minecraft:stone_shovel":1,"minecraft:bone_meal":705,"minecraft:iron_axe":3,"minecraft:ladder":6,"minecraft:spruce_slab":24,"minecraft:iron_hoe":1,"minecraft:stone_pickaxe":3,"minecraft:diamond_boots":3,"minecraft:dark_oak_planks":28,"minecraft:chainmail_leggings":12,"ironchest:gold_chest":2,"minecraft:iron_sword":1,"minecraft:bucket":1,"minecraft:air":0,"ironchest:iron_to_gold_chest_upgrade":1,"minecraft:gold_nugget":738,"minecraft:wooden_axe":2,"minecraft:iron_leggings":1,"minecraft:anvil":2,"minecraft:torch":92,"minecraft:diamond_chestplate":1,"ironchest:iron_chest":10},"minecraft:custom":{"minecraft:interact_with_crafting_table":57,"minecraft:open_barrel":1,"minecraft:time_since_death":23631,"minecraft:leave_game":13,"minecraft:sprint_one_cm":353929,"minecraft:drop":209,"minecraft:talked_to_villager":16,"minecraft:play_time":406619,"minecraft:deaths":32,"minecraft:jump":4763,"minecraft:walk_on_water_one_cm":143357,"minecraft:interact_with_furnace":4,"minecraft:traded_with_villager":67,"minecraft:sleep_in_bed":8,"minecraft:damage_dealt":176452,"minecraft:player_kills":19,"minecraft:crouch_one_cm":2245,"minecraft:interact_with_anvil":20,"minecraft:mob_kills":689,"minecraft:damage_dealt_resisted":56368,"minecraft:climb_one_cm":10617,"minecraft:walk_one_cm":771586,"minecraft:sneak_time":1603,"minecraft:walk_under_water_one_cm":115721,"minecraft:interact_with_blast_furnace":1,"minecraft:total_world_time":406619,"minecraft:tune_noteblock":1,"minecraft:time_since_rest":23656,"minecraft:damage_taken":15565,"minecraft:damage_absorbed":380,"minecraft:swim_one_cm":30938,"minecraft:fly_one_cm":786972,"minecraft:open_chest":226,"minecraft:fall_one_cm":159919},"minecraft:broken":{"minecraft:iron_axe":2,"minecraft:iron_helmet":1},"minecraft:mined":{"minecraft:dark_oak_planks":4,"minecraft:spruce_planks":14,"minecraft:farmland":1,"minecraft:budding_amethyst":1,"minecraft:grass_block":19,"minecraft:hopper":1,"minecraft:spawner":7,"minecraft:cobbled_deepslate":7,"minecraft:iron_ore":3,"minecraft:fire":2,"minecraft:dirt_path":2,"minecraft:spruce_wood":13,"minecraft:spruce_slab":7,"minecraft:amethyst_cluster":7,"minecraft:torch":7,"minecraft:dark_oak_wood":15,"minecraft:calcite":5,"minecraft:cobblestone":53,"minecraft:wall_torch":5,"minecraft:amethyst_block":3,"minecraft:wheat":1,"minecraft:grass":26,"minecraft:oak_log":4,"minecraft:smooth_quartz":76,"minecraft:dirt":4,"minecraft:sand":4,"minecraft:smooth_basalt":4,"minecraft:oak_leaves":4,"minecraft:deepslate":183,"travelersbackpack:creeper":2,"minecraft:tuff":22,"minecraft:ladder":5,"minecraft:spruce_fence":1,"minecraft:spruce_leaves":7,"minecraft:rooted_dirt":14,"minecraft:sandstone":28,"minecraft:large_fern":12,"minecraft:carrots":18,"minecraft:stripped_spruce_log":6,"minecraft:bookshelf":2,"minecraft:deepslate_iron_ore":11,"minecraft:stone":310,"minecraft:podzol":14,"minecraft:glass_pane":1,"travelersbackpack:standard":2,"minecraft:crafting_table":2,"minecraft:campfire":1,"minecraft:deepslate_gold_ore":8,"minecraft:purple_bed":1,"minecraft:coarse_dirt":11,"minecraft:sweet_berry_bush":4,"minecraft:spruce_log":365,"minecraft:birch_leaves":3,"minecraft:coal_ore":9,"minecraft:cyan_carpet":2,"minecraft:gravel":73,"minecraft:cobweb":1,"minecraft:fern":9},"minecraft:dropped":{"minecraft:rooted_dirt":17,"minecraft:chest_minecart":1,"travelersbackpack:standard":2,"artifacts:universal_attractor":1,"artifacts:anglers_hat":3,"minecraft:rail":51,"minecraft:emerald":80,"minecraft:flint":3,"artifacts:thorn_pendant":2,"minecraft:dark_oak_wood":1,"minecraft:gold_nugget":2,"minecraft:bone_meal":193,"minecraft:sand":1,"minecraft:iron_pickaxe":1,"alexsmobs:raccoon_tail":1,"minecraft:stone_axe":1,"minecraft:detector_rail":4,"minecraft:cobbled_deepslate":176,"minecraft:birch_sapling":2,"artifacts:villager_hat":2,"minecraft:chainmail_chestplate":26,"minecraft:beetroot_seeds":3,"artifacts:panic_necklace":2,"minecraft:arrow":56,"artifacts:scarf_of_invisibility":1,"minecraft:bread":16,"minecraft:iron_ingot":21,"minecraft:wheat_seeds":1,"minecraft:cobblestone":12,"minecraft:stick":1,"artifacts:snorkel":3,"minecraft:ink_sac":3,"minecraft:wooden_axe":2,"artifacts:obsidian_skull":3,"minecraft:iron_leggings":1,"artifacts:crystal_heart":1,"minecraft:iron_axe":1,"minecraft:chainmail_leggings":32,"minecraft:bucket":4,"minecraft:wither_skeleton_skull":1,"minecraft:iron_boots":19,"minecraft:diamond_sword":7,"alexsmobs:cockroach_wing_fragment":1,"artifacts:steadfast_spikes":1,"artifacts:antidote_vessel":2,"artifacts:pickaxe_heater":6,"artifacts:onion_ring":1,"artifacts:cross_necklace":1,"minecraft:stone_pickaxe":1},"minecraft:killed_by":{"minecraft:wither_skeleton":9,"minecraft:creeper":2,"alexsmobs:cachalot_whale":1,"minecraft:cave_spider":2,"artifacts:mimic":4,"minecraft:player":5,"minecraft:spider":2,"minecraft:skeleton":2},"minecraft:picked_up":{"minecraft:wooden_axe":1,"minecraft:wheat":30,"minecraft:diamond_sword":8,"minecraft:potion":1,"minecraft:enchanted_book":1,"minecraft:amethyst_block":3,"minecraft:string":42,"travelersbackpack:creeper":3,"minecraft:diamond_leggings":1,"minecraft:gold_nugget":2,"minecraft:cobbled_deepslate":278,"minecraft:bucket":4,"minecraft:spruce_planks":846,"minecraft:calcite":5,"minecraft:smooth_quartz":70,"alexsmobs:raccoon_tail":1,"minecraft:iron_boots":14,"minecraft:stick":58,"artifacts:universal_attractor":3,"minecraft:torch":59,"minecraft:spruce_stairs":1,"alexsmobs:centipede_leg":2,"artifacts:lucky_scarf":2,"minecraft:rotten_flesh":56,"artifacts:villager_hat":3,"artifacts:panic_necklace":4,"minecraft:cod":3,"alexsmobs:lobster_tail":1,"minecraft:cobblestone":343,"minecraft:nautilus_shell":1,"minecraft:feather":12,"minecraft:water_bucket":1,"artifacts:thorn_pendant":2,"minecraft:flint":10,"minecraft:tuff":22,"artifacts:flame_pendant":1,"minecraft:wither_skeleton_skull":5,"artifacts:pickaxe_heater":8,"minecraft:lapis_lazuli":9,"minecraft:dirt":49,"artifacts:flippers":1,"minecraft:name_tag":2,"minecraft:hanging_roots":14,"minecraft:bone":140,"minecraft:wheat_seeds":8,"minecraft:raw_gold":8,"artifacts:antidote_vessel":3,"minecraft:powered_rail":8,"minecraft:poisonous_potato":4,"minecraft:sand":13,"minecraft:stripped_spruce_log":5,"minecraft:ink_sac":44,"minecraft:iron_hoe":1,"artifacts:crystal_heart":1,"minecraft:bone_meal":1,"minecraft:bread":12,"minecraft:emerald":3652,"minecraft:chainmail_helmet":8,"minecraft:rooted_dirt":36,"alexsmobs:maggot":2,"minecraft:oak_sapling":2,"minecraft:coarse_dirt":15,"minecraft:crafting_table":2,"artifacts:night_vision_goggles":1,"minecraft:ladder":5,"minecraft:chest_minecart":5,"minecraft:gold_block":1,"minecraft:iron_axe":1,"artifacts:power_glove":1,"minecraft:detector_rail":8,"minecraft:iron_nugget":15,"minecraft:poppy":4,"minecraft:spruce_slab":6,"minecraft:birch_sapling":4,"minecraft:raw_iron":14,"minecraft:sandstone":29,"minecraft:copper_ingot":4,"minecraft:spruce_fence":1,"minecraft:carrot":83,"minecraft:dark_oak_planks":2,"artifacts:snorkel":4,"minecraft:arrow":32,"artifacts:cowboy_hat":2,"minecraft:diamond_boots":1,"artifacts:cross_necklace":2,"minecraft:saddle":1,"minecraft:gold_ingot":5,"minecraft:rail":102,"minecraft:white_wool":2,"minecraft:air":0,"minecraft:golden_carrot":4,"minecraft:glow_ink_sac":22,"artifacts:anglers_hat":3,"minecraft:filled_map":1,"artifacts:onion_ring":1,"minecraft:oak_log":4,"minecraft:chainmail_chestplate":18,"minecraft:gunpowder":11,"artifacts:cloud_in_a_bottle":1,"minecraft:coast_armor_trim_smithing_template":2,"minecraft:apple":1,"alexsmobs:cockroach_wing_fragment":2,"minecraft:spruce_wood":10,"minecraft:iron_ingot":25,"artifacts:kitty_slippers":1,"artifacts:steadfast_spikes":1,"minecraft:book":15,"artifacts:obsidian_skull":4,"minecraft:smooth_basalt":4,"minecraft:sweet_berries":22,"minecraft:gravel":66,"minecraft:amethyst_shard":30,"minecraft:spruce_sapling":102,"minecraft:spruce_log":356,"artifacts:scarf_of_invisibility":2,"minecraft:spider_eye":14,"travelersbackpack:standard":5,"minecraft:purple_bed":1,"minecraft:stone_axe":1,"minecraft:chainmail_leggings":22,"minecraft:dark_oak_wood":14,"minecraft:coal":52}},"DataVersion":3465}