{"stats":{"minecraft:used":{"minecraft:spruce_slab":11,"minecraft:stone_shovel":120,"minecraft:ladder":6,"minecraft:poppy":3,"minecraft:spruce_planks":24,"minecraft:iron_sword":477,"minecraft:torch":39,"minecraft:dirt":42,"minecraft:anvil":3,"minecraft:hopper":8,"minecraft:carrot":25,"ironchest:iron_chest":8,"minecraft:iron_hoe":69,"minecraft:wooden_axe":41,"alexsmobs:lobster_tail":1,"minecraft:spruce_wood":6,"minecraft:iron_axe":471,"minecraft:rooted_dirt":16,"minecraft:birch_sapling":5,"minecraft:dark_oak_wood":6,"minecraft:smooth_quartz":31,"minecraft:bow":12,"minecraft:golden_carrot":12,"minecraft:sweet_berries":40,"minecraft:oak_sapling":2,"ironchest:gold_chest":1,"minecraft:water_bucket":17,"minecraft:stone_pickaxe":186,"minecraft:wooden_pickaxe":10,"minecraft:sand":7,"minecraft:crafting_table":9,"minecraft:campfire":1,"minecraft:spruce_log":3,"minecraft:apple":1,"travelersbackpack:creeper":6,"minecraft:bread":56,"minecraft:iron_pickaxe":474,"minecraft:spruce_sapling":6,"ironchest:iron_to_gold_chest_upgrade":1,"minecraft:gravel":24,"minecraft:stone_axe":19,"minecraft:diamond_sword":1866,"minecraft:cobblestone":188,"minecraft:bucket":20,"minecraft:diamond_leggings":1,"minecraft:bone_meal":310},"minecraft:killed":{"minecraft:cave_spider":12,"alexsmobs:lobster":1,"minecraft:spider":19,"minecraft:skeleton":20,"alexsmobs:centipede_head":1,"minecraft:drowned":2,"alexsmobs:seal":2,"minecraft:iron_golem":3,"minecraft:creeper":2,"minecraft:squid":1,"alexsmobs:catfish":1,"minecraft:zombie":17,"alexsmobs:crocodile":1,"alexsmobs:terrapin":1,"minecraft:wither_skeleton":417,"minecraft:villager":1},"minecraft:crafted":{"minecraft:chainmail_helmet":12,"minecraft:oak_planks":16,"minecraft:stone_shovel":1,"minecraft:bone_meal":705,"minecraft:hopper":8,"minecraft:bow":1,"minecraft:iron_boots":1,"minecraft:iron_axe":3,"minecraft:ladder":6,"minecraft:iron_hoe":1,"minecraft:spruce_slab":24,"minecraft:stone_pickaxe":3,"minecraft:chest":28,"minecraft:dark_oak_planks":28,"ironchest:gold_chest":1,"minecraft:arrow":64,"minecraft:emerald":7,"minecraft:crafting_table":7,"minecraft:spruce_planks":232,"minecraft:wooden_pickaxe":1,"minecraft:iron_helmet":1,"minecraft:iron_sword":1,"minecraft:campfire":1,"minecraft:air":0,"ironchest:iron_to_gold_chest_upgrade":1,"minecraft:iron_chestplate":1,"minecraft:stick":44,"minecraft:iron_pickaxe":3,"minecraft:wooden_axe":2,"minecraft:iron_block":6,"minecraft:iron_leggings":1,"minecraft:anvil":2,"minecraft:torch":92,"ironchest:iron_chest":9},"minecraft:custom":{"minecraft:mob_kills":505,"minecraft:interact_with_anvil":16,"minecraft:interact_with_crafting_table":50,"minecraft:open_barrel":1,"minecraft:damage_dealt_resisted":46437,"minecraft:leave_game":13,"minecraft:time_since_death":40172,"minecraft:climb_one_cm":10617,"minecraft:sprint_one_cm":287987,"minecraft:walk_one_cm":595880,"minecraft:drop":68,"minecraft:talked_to_villager":9,"minecraft:play_time":298619,"minecraft:deaths":22,"minecraft:sneak_time":1086,"minecraft:walk_under_water_one_cm":36833,"minecraft:jump":3490,"minecraft:interact_with_blast_furnace":1,"minecraft:walk_on_water_one_cm":48358,"minecraft:total_world_time":298619,"minecraft:interact_with_furnace":3,"minecraft:traded_with_villager":24,"minecraft:tune_noteblock":1,"minecraft:sleep_in_bed":5,"minecraft:time_since_rest":19956,"minecraft:damage_absorbed":259,"minecraft:damage_taken":10493,"minecraft:damage_dealt":136041,"minecraft:swim_one_cm":15039,"minecraft:fly_one_cm":486511,"minecraft:player_kills":13,"minecraft:open_chest":194,"minecraft:crouch_one_cm":1803,"minecraft:fall_one_cm":84597},"minecraft:broken":{"minecraft:iron_axe":2},"minecraft:mined":{"minecraft:dark_oak_planks":4,"travelersbackpack:creeper":2,"minecraft:tuff":8,"minecraft:spruce_planks":14,"minecraft:farmland":1,"minecraft:ladder":5,"minecraft:budding_amethyst":1,"minecraft:grass_block":19,"minecraft:spruce_fence":1,"minecraft:spruce_leaves":7,"minecraft:hopper":1,"minecraft:sandstone":28,"minecraft:rooted_dirt":14,"minecraft:spawner":7,"minecraft:large_fern":10,"minecraft:carrots":2,"minecraft:iron_ore":3,"minecraft:stripped_spruce_log":6,"minecraft:deepslate_iron_ore":11,"minecraft:bookshelf":2,"minecraft:dirt_path":2,"minecraft:spruce_wood":13,"minecraft:stone":301,"minecraft:spruce_slab":7,"minecraft:podzol":14,"minecraft:glass_pane":1,"minecraft:amethyst_cluster":7,"minecraft:crafting_table":2,"minecraft:torch":4,"minecraft:dark_oak_wood":15,"minecraft:calcite":5,"minecraft:campfire":1,"minecraft:cobblestone":47,"minecraft:deepslate_gold_ore":8,"minecraft:wall_torch":5,"minecraft:amethyst_block":3,"minecraft:coarse_dirt":10,"minecraft:wheat":1,"minecraft:sweet_berry_bush":4,"minecraft:birch_leaves":3,"minecraft:spruce_log":302,"minecraft:grass":19,"minecraft:oak_log":4,"minecraft:coal_ore":9,"minecraft:sand":3,"minecraft:dirt":4,"minecraft:gravel":69,"minecraft:cyan_carpet":2,"minecraft:smooth_quartz":76,"minecraft:cobweb":1,"minecraft:smooth_basalt":4,"minecraft:deepslate":125,"minecraft:oak_leaves":4,"minecraft:fern":7},"minecraft:killed_by":{"minecraft:player":3,"minecraft:wither_skeleton":8,"minecraft:creeper":2,"minecraft:spider":2,"alexsmobs:cachalot_whale":1,"minecraft:cave_spider":2,"minecraft:skeleton":2},"minecraft:dropped":{"minecraft:iron_ingot":21,"minecraft:bread":16,"minecraft:wheat_seeds":1,"minecraft:cobblestone":2,"minecraft:rooted_dirt":17,"minecraft:stick":1,"minecraft:emerald":16,"minecraft:dark_oak_wood":1,"minecraft:wooden_axe":2,"minecraft:iron_leggings":1,"minecraft:bone_meal":193,"minecraft:iron_axe":1,"minecraft:iron_pickaxe":1,"minecraft:bucket":4,"minecraft:stone_axe":1,"minecraft:birch_sapling":2,"minecraft:wither_skeleton_skull":1,"minecraft:diamond_sword":7,"minecraft:beetroot_seeds":3,"minecraft:stone_pickaxe":1},"minecraft:picked_up":{"minecraft:wooden_axe":1,"minecraft:crafting_table":2,"minecraft:coarse_dirt":14,"minecraft:wheat":30,"minecraft:ladder":5,"minecraft:diamond_sword":8,"minecraft:potion":1,"minecraft:amethyst_block":3,"minecraft:string":33,"minecraft:iron_axe":1,"travelersbackpack:creeper":3,"minecraft:diamond_leggings":1,"minecraft:cobbled_deepslate":124,"minecraft:bucket":4,"minecraft:spruce_planks":846,"minecraft:calcite":5,"minecraft:iron_nugget":15,"minecraft:poppy":4,"minecraft:smooth_quartz":70,"minecraft:spruce_slab":6,"minecraft:birch_sapling":4,"minecraft:stick":50,"minecraft:raw_iron":14,"minecraft:sandstone":29,"minecraft:copper_ingot":1,"minecraft:torch":14,"minecraft:spruce_stairs":1,"minecraft:spruce_fence":1,"minecraft:carrot":36,"alexsmobs:centipede_leg":2,"minecraft:dark_oak_planks":2,"minecraft:rotten_flesh":18,"minecraft:arrow":17,"minecraft:diamond_boots":1,"alexsmobs:lobster_tail":1,"minecraft:cobblestone":334,"minecraft:golden_carrot":4,"minecraft:water_bucket":1,"minecraft:filled_map":1,"minecraft:flint":7,"minecraft:tuff":8,"minecraft:oak_log":4,"minecraft:chainmail_chestplate":1,"minecraft:gunpowder":1,"minecraft:wither_skeleton_skull":3,"minecraft:lapis_lazuli":9,"minecraft:dirt":49,"minecraft:bone":101,"minecraft:coast_armor_trim_smithing_template":2,"minecraft:hanging_roots":14,"minecraft:apple":1,"minecraft:wheat_seeds":7,"minecraft:raw_gold":8,"minecraft:spruce_wood":10,"minecraft:iron_ingot":21,"minecraft:book":15,"minecraft:smooth_basalt":4,"minecraft:sweet_berries":22,"minecraft:poisonous_potato":4,"minecraft:gravel":62,"minecraft:sand":11,"minecraft:amethyst_shard":30,"minecraft:stripped_spruce_log":5,"minecraft:spruce_sapling":92,"minecraft:ink_sac":6,"minecraft:spruce_log":289,"minecraft:spider_eye":14,"minecraft:iron_hoe":1,"minecraft:stone_axe":1,"minecraft:bone_meal":1,"minecraft:chainmail_helmet":8,"minecraft:emerald":25,"minecraft:bread":11,"alexsmobs:maggot":2,"minecraft:rooted_dirt":36,"minecraft:oak_sapling":2,"minecraft:dark_oak_wood":14,"minecraft:coal":32}},"DataVersion":3465}