{"stats":{"minecraft:crafted":{"minecraft:oak_planks":16,"minecraft:chainmail_helmet":12,"minecraft:bookshelf":28,"minecraft:glass":29,"minecraft:hopper":8,"minecraft:diamond_leggings":3,"minecraft:diamond_helmet":4,"minecraft:bow":1,"minecraft:iron_boots":13,"minecraft:chest":29,"minecraft:arrow":64,"minecraft:emerald":7,"minecraft:diamond_axe":2,"minecraft:crafting_table":7,"minecraft:spruce_planks":428,"minecraft:wooden_pickaxe":1,"minecraft:iron_helmet":1,"minecraft:chainmail_chestplate":9,"minecraft:campfire":1,"minecraft:iron_chestplate":1,"minecraft:diamond_pickaxe":1,"minecraft:stick":48,"minecraft:iron_pickaxe":3,"minecraft:iron_block":6,"minecraft:gold_ingot":384,"minecraft:golden_carrot":84,"minecraft:stone_shovel":1,"minecraft:bone_meal":705,"minecraft:iron_axe":3,"minecraft:ladder":6,"minecraft:iron_hoe":1,"minecraft:spruce_slab":24,"minecraft:stone_pickaxe":3,"minecraft:diamond_boots":3,"minecraft:dark_oak_planks":28,"minecraft:chainmail_leggings":12,"ironchest:gold_chest":2,"ironchest:wood_to_iron_chest_upgrade":1,"minecraft:iron_sword":1,"minecraft:bucket":1,"minecraft:air":0,"ironchest:iron_to_gold_chest_upgrade":1,"minecraft:gold_nugget":738,"minecraft:wooden_axe":2,"minecraft:iron_leggings":1,"minecraft:anvil":2,"minecraft:torch":124,"minecraft:diamond_chestplate":2,"ironchest:iron_chest":10},"minecraft:dropped":{"minecraft:glow_ink_sac":19,"minecraft:rooted_dirt":17,"minecraft:chest_minecart":4,"minecraft:saddle":1,"travelersbackpack:standard":2,"artifacts:universal_attractor":1,"artifacts:anglers_hat":3,"minecraft:rail":51,"minecraft:flint":3,"minecraft:emerald":80,"minecraft:dirt":4,"artifacts:thorn_pendant":2,"artifacts:superstitious_hat":1,"minecraft:cornflower":1,"minecraft:dark_oak_wood":2,"artifacts:charm_of_sinking":1,"minecraft:gold_nugget":2,"minecraft:bone_meal":251,"minecraft:sand":2,"minecraft:iron_pickaxe":1,"alexsmobs:raccoon_tail":1,"minecraft:white_wool":2,"minecraft:gold_ingot":22,"minecraft:bone":30,"minecraft:stone_axe":1,"minecraft:detector_rail":8,"minecraft:cobbled_deepslate":176,"minecraft:birch_sapling":2,"minecraft:rotten_flesh":7,"artifacts:villager_hat":2,"minecraft:chainmail_chestplate":26,"minecraft:gunpowder":8,"minecraft:beetroot_seeds":3,"artifacts:panic_necklace":2,"minecraft:arrow":57,"minecraft:powered_rail":8,"artifacts:scarf_of_invisibility":1,"minecraft:bread":40,"minecraft:iron_ingot":21,"minecraft:wheat_seeds":1,"minecraft:bookshelf":1,"minecraft:feather":8,"minecraft:cobblestone":38,"artifacts:whoopee_cushion":1,"minecraft:coal":9,"minecraft:stick":2,"artifacts:snorkel":3,"minecraft:golden_carrot":21,"minecraft:ink_sac":11,"minecraft:smooth_quartz":2,"minecraft:rose_bush":2,"minecraft:wooden_axe":2,"artifacts:obsidian_skull":3,"artifacts:plastic_drinking_hat":1,"minecraft:potion":3,"minecraft:iron_leggings":1,"artifacts:crystal_heart":1,"minecraft:wither_rose":1,"minecraft:iron_axe":1,"minecraft:chainmail_leggings":32,"minecraft:string":59,"minecraft:bucket":4,"minecraft:kelp":4,"minecraft:wither_skeleton_skull":1,"minecraft:iron_boots":19,"artifacts:golden_hook":1,"alexsmobs:bear_fur":2,"minecraft:flint_and_steel":1,"minecraft:diamond_sword":9,"minecraft:diamond_chestplate":1,"alexsmobs:cockroach_wing_fragment":1,"minecraft:spruce_planks":3,"minecraft:diamond_pickaxe":1,"artifacts:steadfast_spikes":1,"artifacts:antidote_vessel":2,"artifacts:pickaxe_heater":8,"artifacts:onion_ring":1,"minecraft:spider_eye":4,"artifacts:cross_necklace":1,"minecraft:stone_pickaxe":1},"minecraft:mined":{"minecraft:dark_oak_planks":5,"minecraft:spruce_planks":21,"minecraft:farmland":1,"minecraft:red_nether_bricks":4,"minecraft:obsidian":2,"minecraft:budding_amethyst":1,"minecraft:grass_block":22,"minecraft:hopper":1,"minecraft:spawner":19,"minecraft:tall_seagrass":1,"minecraft:iron_ore":9,"minecraft:cobbled_deepslate":7,"minecraft:fire":8,"minecraft:fletching_table":1,"minecraft:dirt_path":2,"minecraft:spruce_wood":17,"minecraft:stripped_mangrove_wood":15,"minecraft:spruce_slab":7,"minecraft:green_bed":1,"minecraft:blackstone":26,"minecraft:kelp_plant":14,"minecraft:crimson_nylium":5,"minecraft:smoker":1,"minecraft:amethyst_cluster":7,"minecraft:torch":10,"minecraft:dark_oak_wood":16,"minecraft:calcite":7,"minecraft:cobblestone":59,"minecraft:wall_torch":6,"minecraft:amethyst_block":3,"minecraft:seagrass":2,"minecraft:cyan_wool":2,"minecraft:wheat":1,"minecraft:wither_rose":1,"minecraft:grass":28,"minecraft:oak_log":4,"minecraft:sand":5,"minecraft:dirt":5,"minecraft:smooth_quartz":111,"minecraft:smooth_basalt":4,"minecraft:netherrack":453,"minecraft:oak_leaves":4,"minecraft:deepslate":193,"minecraft:nether_gold_ore":1,"travelersbackpack:creeper":2,"minecraft:dark_prismarine":3,"minecraft:tuff":32,"minecraft:ladder":5,"minecraft:spruce_fence":5,"minecraft:spruce_leaves":10,"minecraft:kelp":5,"minecraft:sandstone":32,"minecraft:rooted_dirt":14,"minecraft:large_fern":14,"minecraft:carrots":18,"minecraft:stripped_spruce_log":6,"minecraft:gold_block":3,"minecraft:bookshelf":3,"minecraft:deepslate_iron_ore":19,"minecraft:lantern":1,"minecraft:stone":376,"minecraft:podzol":14,"minecraft:glass_pane":1,"minecraft:basalt":19,"travelersbackpack:standard":2,"minecraft:crafting_table":2,"minecraft:cornflower":1,"minecraft:rose_bush":2,"minecraft:campfire":2,"minecraft:copper_ore":7,"minecraft:deepslate_gold_ore":8,"minecraft:purple_bed":2,"minecraft:coarse_dirt":11,"minecraft:sweet_berry_bush":4,"minecraft:spruce_log":376,"minecraft:birch_leaves":3,"minecraft:mangrove_slab":1,"minecraft:coal_ore":22,"minecraft:gravel":73,"minecraft:cyan_carpet":7,"minecraft:cobweb":2,"minecraft:fern":9},"minecraft:custom":{"minecraft:interact_with_crafting_table":65,"minecraft:open_barrel":12,"minecraft:eat_cake_slice":2,"minecraft:leave_game":17,"minecraft:time_since_death":51716,"minecraft:sprint_one_cm":711214,"minecraft:drop":308,"minecraft:play_noteblock":7,"minecraft:talked_to_villager":20,"minecraft:play_time":597393,"minecraft:deaths":43,"minecraft:jump":7525,"minecraft:enchant_item":8,"minecraft:walk_on_water_one_cm":172051,"minecraft:interact_with_furnace":4,"minecraft:traded_with_villager":72,"minecraft:sleep_in_bed":9,"minecraft:damage_dealt":252293,"minecraft:player_kills":25,"minecraft:crouch_one_cm":3329,"minecraft:interact_with_anvil":25,"minecraft:mob_kills":1012,"minecraft:damage_dealt_resisted":82384,"minecraft:climb_one_cm":22247,"minecraft:walk_one_cm":1220385,"minecraft:sneak_time":3256,"minecraft:walk_under_water_one_cm":144563,"minecraft:interact_with_blast_furnace":3,"minecraft:total_world_time":597393,"minecraft:tune_noteblock":3,"minecraft:time_since_rest":51746,"minecraft:damage_absorbed":488,"minecraft:damage_taken":24643,"minecraft:swim_one_cm":80297,"minecraft:fly_one_cm":1550513,"minecraft:open_chest":281,"minecraft:fall_one_cm":361634},"minecraft:killed_by":{"minecraft:wither_skeleton":10,"minecraft:creeper":2,"alexsmobs:cachalot_whale":1,"minecraft:cave_spider":2,"artifacts:mimic":4,"minecraft:player":6,"minecraft:spider":2,"minecraft:warden":5,"minecraft:skeleton":2},"minecraft:used":{"minecraft:spruce_slab":23,"minecraft:ladder":6,"minecraft:poppy":3,"minecraft:iron_sword":477,"minecraft:carrot":40,"ironchest:iron_chest":8,"minecraft:tuff":10,"enchantinginfuser:advanced_enchanting_infuser":1,"alexsmobs:lobster_tail":1,"minecraft:spruce_wood":6,"minecraft:birch_sapling":5,"minecraft:dark_oak_wood":6,"minecraft:bow":79,"minecraft:sweet_berries":40,"minecraft:oak_sapling":2,"minecraft:stone_pickaxe":280,"minecraft:wooden_pickaxe":10,"minecraft:sandstone":4,"minecraft:diamond_axe":52,"minecraft:golden_apple":1,"minecraft:sand":7,"minecraft:bread":98,"ironchest:iron_to_gold_chest_upgrade":1,"minecraft:gravel":28,"minecraft:diamond_sword":3238,"minecraft:coarse_dirt":1,"minecraft:bone_meal":310,"minecraft:experience_bottle":31,"ironchest:wood_to_iron_chest_upgrade":1,"minecraft:stone_shovel":120,"minecraft:spruce_planks":56,"minecraft:netherrack":45,"minecraft:torch":182,"minecraft:dirt":43,"minecraft:anvil":3,"minecraft:hopper":8,"minecraft:iron_hoe":69,"minecraft:wooden_axe":41,"minecraft:bookshelf":91,"minecraft:rooted_dirt":16,"minecraft:iron_axe":542,"minecraft:smooth_quartz":31,"minecraft:golden_carrot":77,"minecraft:podzol":1,"ironchest:gold_chest":2,"minecraft:cobbled_deepslate":28,"minecraft:water_bucket":26,"minecraft:crafting_table":9,"minecraft:campfire":1,"minecraft:spruce_log":11,"minecraft:smoker":1,"minecraft:diamond_pickaxe":704,"minecraft:apple":1,"travelersbackpack:creeper":6,"minecraft:iron_pickaxe":474,"minecraft:spruce_sapling":6,"minecraft:stone_axe":19,"minecraft:cobblestone":335,"minecraft:purple_bed":2,"travelersbackpack:standard":26,"minecraft:bucket":28,"minecraft:diamond_leggings":1},"minecraft:killed":{"minecraft:cave_spider":37,"alexsmobs:lobster":1,"minecraft:witch":2,"minecraft:spider":40,"minecraft:skeleton":48,"alexsmobs:orca":2,"alexsmobs:straddler":1,"alexsmobs:centipede_head":2,"artifacts:mimic":45,"minecraft:magma_cube":3,"minecraft:piglin":3,"alexsmobs:grizzly_bear":1,"minecraft:zombie_villager":1,"alexsmobs:seal":3,"minecraft:iron_golem":4,"alexsmobs:stradpole":7,"minecraft:creeper":14,"alexsmobs:crimson_mosquito":1,"minecraft:zombie":34,"alexsmobs:terrapin":3,"minecraft:ghast":2,"alexsmobs:dropbear":1,"alexsmobs:seagull":3,"minecraft:drowned":23,"minecraft:warden":1,"minecraft:husk":3,"minecraft:frog":1,"minecraft:squid":1,"alexsmobs:catfish":1,"alexsmobs:crocodile":1,"alexsmobs:crow":1,"minecraft:wither_skeleton":706,"minecraft:villager":1,"minecraft:enderman":1},"minecraft:picked_up":{"minecraft:wooden_axe":1,"minecraft:wheat":30,"minecraft:diamond_sword":14,"minecraft:potion":2,"artifacts:chorus_totem":1,"minecraft:wither_rose":1,"minecraft:enchanted_book":1,"minecraft:golden_sword":1,"minecraft:amethyst_block":3,"minecraft:string":145,"travelersbackpack:creeper":3,"minecraft:pufferfish":1,"alexsmobs:dropbear_claw":5,"alexsmobs:blood_sac":1,"minecraft:diamond_leggings":1,"minecraft:gold_nugget":11,"minecraft:cobbled_deepslate":342,"minecraft:bucket":4,"minecraft:spruce_planks":859,"minecraft:rose_bush":2,"minecraft:calcite":5,"minecraft:smooth_quartz":104,"alexsmobs:raccoon_tail":1,"minecraft:iron_boots":14,"minecraft:stick":72,"artifacts:universal_attractor":4,"minecraft:torch":64,"minecraft:spruce_stairs":1,"alexsmobs:centipede_leg":2,"minecraft:rotten_flesh":64,"artifacts:lucky_scarf":2,"artifacts:villager_hat":3,"artifacts:panic_necklace":5,"minecraft:obsidian":2,"minecraft:cod":3,"alexsmobs:lobster_tail":1,"minecraft:cobblestone":419,"minecraft:nautilus_shell":1,"minecraft:feather":12,"minecraft:magma_cream":3,"minecraft:water_bucket":1,"minecraft:smoker":1,"artifacts:thorn_pendant":2,"alexsmobs:bear_fur":2,"minecraft:flint":10,"minecraft:tuff":22,"artifacts:flame_pendant":1,"minecraft:wither_skeleton_skull":7,"artifacts:pickaxe_heater":10,"minecraft:lapis_lazuli":9,"minecraft:dirt":50,"artifacts:flippers":1,"minecraft:name_tag":2,"minecraft:hanging_roots":14,"minecraft:bone":282,"minecraft:wheat_seeds":8,"minecraft:raw_gold":8,"minecraft:fletching_table":1,"artifacts:antidote_vessel":3,"minecraft:powered_rail":8,"minecraft:ghast_tear":3,"minecraft:poisonous_potato":4,"minecraft:sand":14,"minecraft:stripped_spruce_log":5,"minecraft:ink_sac":47,"artifacts:plastic_drinking_hat":2,"minecraft:iron_hoe":1,"artifacts:golden_hook":3,"minecraft:diamond":2,"artifacts:crystal_heart":1,"minecraft:bone_meal":1,"minecraft:emerald":4521,"minecraft:chainmail_helmet":8,"minecraft:bread":12,"alexsmobs:maggot":2,"minecraft:rooted_dirt":36,"minecraft:oak_sapling":2,"minecraft:netherrack":362,"minecraft:crimson_roots":1,"minecraft:coarse_dirt":15,"minecraft:crafting_table":2,"artifacts:night_vision_goggles":1,"minecraft:ladder":5,"minecraft:chest_minecart":5,"minecraft:gold_block":3,"minecraft:cornflower":1,"minecraft:iron_axe":1,"artifacts:power_glove":1,"minecraft:cyan_carpet":4,"minecraft:detector_rail":8,"minecraft:iron_nugget":15,"minecraft:poppy":4,"minecraft:spruce_slab":18,"minecraft:birch_sapling":4,"minecraft:raw_iron":14,"minecraft:sandstone":33,"artifacts:charm_of_sinking":2,"minecraft:copper_ingot":28,"minecraft:spruce_fence":7,"minecraft:carrot":83,"minecraft:dark_oak_planks":2,"artifacts:snorkel":4,"minecraft:arrow":77,"artifacts:cowboy_hat":2,"minecraft:diamond_boots":1,"artifacts:running_shoes":1,"artifacts:cross_necklace":3,"minecraft:saddle":1,"minecraft:gold_ingot":5,"minecraft:rail":102,"minecraft:white_wool":2,"minecraft:air":0,"minecraft:golden_carrot":4,"minecraft:glow_ink_sac":25,"artifacts:anglers_hat":3,"minecraft:filled_map":1,"artifacts:onion_ring":1,"minecraft:oak_log":4,"minecraft:chainmail_chestplate":18,"artifacts:superstitious_hat":2,"minecraft:gunpowder":14,"artifacts:cloud_in_a_bottle":1,"alexsmobs:mosquito_proboscis":1,"minecraft:podzol":1,"minecraft:coast_armor_trim_smithing_template":2,"minecraft:apple":1,"minecraft:kelp":4,"alexsmobs:cockroach_wing_fragment":2,"minecraft:spruce_wood":14,"artifacts:whoopee_cushion":2,"minecraft:iron_ingot":171,"artifacts:kitty_slippers":1,"artifacts:steadfast_spikes":1,"minecraft:book":27,"artifacts:obsidian_skull":4,"minecraft:smooth_basalt":4,"minecraft:sweet_berries":22,"minecraft:gravel":66,"minecraft:amethyst_shard":30,"minecraft:spruce_sapling":102,"minecraft:spruce_log":367,"artifacts:scarf_of_invisibility":2,"minecraft:spider_eye":30,"artifacts:helium_flamingo":1,"travelersbackpack:standard":5,"minecraft:purple_bed":2,"minecraft:stone_axe":1,"minecraft:chainmail_leggings":22,"minecraft:dark_oak_wood":15,"minecraft:coal":90},"minecraft:broken":{"minecraft:diamond_helmet":1,"minecraft:iron_axe":2,"minecraft:iron_helmet":1}},"DataVersion":3465}