{"stats":{"minecraft:picked_up":{"minecraft:wooden_axe":1,"minecraft:iron_chestplate":1,"minecraft:wheat":4,"minecraft:chainmail_boots":2,"mmorpg:gems/sapphire/0":1,"minecraft:diamond_sword":51,"minecraft:potion":3,"enchantinginfuser:advanced_enchanting_infuser":2,"minecraft:string":129,"minecraft:raw_copper":12,"minecraft:iron_leggings":5,"minecraft:beetroot":1,"alexsmobs:dropbear_claw":5,"alexsmobs:blood_sac":5,"minecraft:cobbled_deepslate":130,"minecraft:spruce_planks":170,"minecraft:calcite":1,"minecraft:smooth_quartz":67,"mmorpg:currency/chaos_orb":2,"mmorpg:material/fishing/0":3,"minecraft:iron_pickaxe":1,"alexsmobs:raccoon_tail":1,"mmorpg:gems/amethyst/0":1,"minecraft:iron_boots":1,"mmorpg:gems/opal/0":2,"mmorpg:gems/emerald/0":1,"minecraft:stick":228,"artifacts:universal_attractor":2,"minecraft:composter":1,"mmorpg:currency/upgrade_common_affix":1,"minecraft:torch":26,"minecraft:spruce_stairs":1,"mmorpg:jewelry/necklace/iron":3,"minecraft:green_banner":3,"artifacts:lucky_scarf":1,"minecraft:light_gray_bed":2,"minecraft:rotten_flesh":64,"minecraft:tropical_fish":1,"artifacts:villager_hat":3,"minecraft:green_wool":4,"minecraft:bookshelf":2,"minecraft:mangrove_roots":6,"artifacts:panic_necklace":2,"minecraft:obsidian":63,"minecraft:cod":10,"minecraft:cobblestone":744,"mmorpg:gems/azurite/0":1,"artifacts:thorn_pendant":4,"mmorpg:currency/affix_number_reroll":2,"minecraft:flint":4,"minecraft:tuff":15,"artifacts:flame_pendant":2,"minecraft:wither_skeleton_skull":17,"artifacts:pickaxe_heater":7,"minecraft:dirt":75,"artifacts:shock_pendant":2,"minecraft:hanging_roots":2,"minecraft:bone":873,"minecraft:bow":1,"minecraft:wheat_seeds":44,"minecraft:green_candle":2,"minecraft:raw_gold":10,"minecraft:bell":4,"minecraft:birch_wood":2,"minecraft:grindstone":1,"minecraft:diamond_helmet":1,"minecraft:fletching_table":2,"artifacts:antidote_vessel":2,"mmorpg:skill_gems/support/str":1,"minecraft:sand":122,"minecraft:stripped_spruce_log":28,"minecraft:ink_sac":35,"minecraft:mossy_cobblestone":1,"minecraft:dark_prismarine":16,"artifacts:plastic_drinking_hat":1,"artifacts:golden_hook":1,"artifacts:crystal_heart":2,"minecraft:crossbow":1,"minecraft:bone_meal":193,"minecraft:emerald":1826,"minecraft:bread":25,"minecraft:jack_o_lantern":1,"minecraft:netherrack":417,"minecraft:nether_star":1,"minecraft:diamond_pickaxe":1,"minecraft:coarse_dirt":4,"minecraft:charcoal":6,"minecraft:fishing_rod":2,"minecraft:mud":6,"artifacts:night_vision_goggles":1,"minecraft:chicken":1,"minecraft:ladder":1,"minecraft:gold_block":2,"minecraft:cornflower":1,"minecraft:iron_axe":25,"minecraft:flint_and_steel":1,"artifacts:feral_claws":1,"minecraft:item_frame":18,"minecraft:iron_shovel":1,"minecraft:blackstone":26,"minecraft:cyan_carpet":7,"mmorpg:stone/0":14,"minecraft:poppy":1,"minecraft:lectern":1,"minecraft:chest":1,"minecraft:birch_sapling":5,"mmorpg:skill_gems/support/dex":3,"minecraft:raw_iron":7,"minecraft:sandstone":65,"minecraft:copper_ingot":6,"minecraft:spruce_fence":7,"alexsmobs:ambergris":2,"minecraft:carrot":1052,"mmorpg:skill_gems/support/int":2,"minecraft:redstone":1,"minecraft:dark_oak_planks":5,"minecraft:tnt":23,"mmorpg:currency/up_corrupt_affix":3,"artifacts:snorkel":2,"minecraft:arrow":159,"minecraft:diamond_chestplate":2,"artifacts:cowboy_hat":2,"minecraft:pumpkin_pie":2,"artifacts:snowshoes":1,"artifacts:cross_necklace":1,"minecraft:saddle":1,"mmorpg:currency/level_up_orb":69,"minecraft:gold_ingot":54,"artifacts:pocket_piston":1,"minecraft:mutton":2,"minecraft:bone_block":5,"minecraft:basalt":22,"minecraft:golden_carrot":20,"minecraft:glow_ink_sac":33,"minecraft:salmon":15,"artifacts:anglers_hat":3,"artifacts:onion_ring":1,"minecraft:chainmail_chestplate":2,"artifacts:superstitious_hat":1,"minecraft:gunpowder":4,"artifacts:cloud_in_a_bottle":1,"alexsmobs:mosquito_proboscis":2,"minecraft:paper":10,"minecraft:cooked_mutton":1,"mmorpg:currency/unique_reroll":2,"alexsmobs:cockroach_wing_fragment":3,"minecraft:spruce_wood":11,"minecraft:iron_ingot":573,"artifacts:whoopee_cushion":3,"minecraft:stone_pickaxe":1,"artifacts:steadfast_spikes":1,"minecraft:iron_sword":11,"minecraft:soul_sand":33,"minecraft:dark_oak_stairs":4,"minecraft:green_dye":4,"minecraft:book":41,"minecraft:sculk_catalyst":1,"artifacts:obsidian_skull":2,"minecraft:sweet_berries":26,"minecraft:gravel":30,"minecraft:amethyst_shard":7,"minecraft:spruce_sapling":141,"mmorpg:weapon/staff/wood":4,"minecraft:spruce_log":473,"minecraft:spider_eye":28,"artifacts:helium_flamingo":1,"travelersbackpack:standard":3,"alexsmobs:raw_catfish":1,"minecraft:pumpkin_seeds":7,"minecraft:purple_bed":2,"minecraft:stone_axe":1,"minecraft:diamond_axe":3,"minecraft:chainmail_leggings":6,"minecraft:iron_helmet":2,"minecraft:dark_oak_wood":11,"minecraft:coal":108,"mmorpg:offhand/dodge/iron":1,"minecraft:ender_pearl":4},"minecraft:dropped":{"minecraft:iron_sword":2,"mmorpg:currency/level_up_orb":107,"minecraft:dark_oak_stairs":1,"minecraft:diamond_axe":3,"mmorpg:stone/0":14,"minecraft:glow_ink_sac":27,"minecraft:glass_bottle":1,"artifacts:shock_pendant":1,"minecraft:saddle":2,"artifacts:universal_attractor":1,"minecraft:cod":10,"minecraft:item_frame":9,"minecraft:flint":3,"minecraft:emerald":2048,"minecraft:dirt":5,"artifacts:thorn_pendant":2,"minecraft:dark_oak_wood":5,"mmorpg:currency/up_corrupt_affix":2,"minecraft:amethyst_shard":14,"minecraft:iron_pickaxe":1,"minecraft:fishing_rod":2,"minecraft:green_wool":4,"artifacts:cowboy_hat":1,"minecraft:gold_ingot":95,"minecraft:bone":699,"minecraft:green_candle":1,"minecraft:gravel":6,"minecraft:stone_axe":1,"minecraft:blackstone":26,"minecraft:cobbled_deepslate":80,"minecraft:birch_sapling":2,"minecraft:rotten_flesh":58,"artifacts:villager_hat":1,"minecraft:birch_wood":2,"minecraft:green_banner":3,"minecraft:salmon":10,"minecraft:carrot":644,"minecraft:chainmail_chestplate":1,"minecraft:poppy":1,"alexsmobs:blood_sac":4,"minecraft:gunpowder":4,"minecraft:charcoal":6,"artifacts:panic_necklace":1,"minecraft:spruce_wood":11,"minecraft:ladder":16,"minecraft:chainmail_boots":4,"minecraft:spruce_slab":12,"minecraft:basalt":20,"minecraft:arrow":84,"minecraft:netherrack":326,"minecraft:iron_ingot":198,"minecraft:bread":17,"mmorpg:invisible_item":14,"minecraft:wheat_seeds":22,"minecraft:tnt":2,"mmorpg:offhand/dodge/iron":1,"mmorpg:skill_gems/support/dex":1,"minecraft:bookshelf":1,"minecraft:diamond_leggings":1,"minecraft:cobblestone":349,"minecraft:book":18,"artifacts:whoopee_cushion":3,"minecraft:copper_ingot":4,"minecraft:chainmail_helmet":8,"alexsmobs:raw_catfish":1,"mmorpg:weapon/staff/wood":1,"minecraft:stick":170,"artifacts:lucky_scarf":1,"artifacts:snorkel":1,"minecraft:golden_carrot":4,"minecraft:ink_sac":29,"minecraft:torch":8,"artifacts:obsidian_skull":1,"minecraft:smooth_quartz":29,"minecraft:diamond_helmet":1,"minecraft:potion":3,"artifacts:crystal_heart":1,"minecraft:iron_axe":39,"minecraft:mud":3,"minecraft:chainmail_leggings":2,"minecraft:iron_shovel":1,"minecraft:string":109,"minecraft:spruce_sapling":25,"mmorpg:gems/opal/0":2,"minecraft:hanging_roots":1,"minecraft:sweet_berries":3,"minecraft:coarse_dirt":2,"minecraft:raw_copper":12,"minecraft:tuff":15,"minecraft:wither_skeleton_skull":5,"minecraft:iron_boots":1,"minecraft:iron_hoe":1,"minecraft:stone_slab":5,"minecraft:spruce_fence":5,"minecraft:filled_map":1,"minecraft:diamond_sword":33,"alexsmobs:cockroach_wing_fragment":2,"minecraft:diamond_chestplate":1,"minecraft:spruce_planks":201,"minecraft:light_gray_bed":1,"artifacts:pickaxe_heater":7,"minecraft:spider_eye":22,"minecraft:diamond_boots":1,"minecraft:bow":2,"minecraft:raw_gold":10,"minecraft:bell":4,"minecraft:calcite":1,"minecraft:dark_prismarine":10},"minecraft:broken":{"minecraft:stone_pickaxe":2,"minecraft:stone_axe":1,"minecraft:wooden_axe":2,"immersive_armors:bone_chestplate":1},"minecraft:killed_by":{"minecraft:zombie_villager":1,"minecraft:wither_skeleton":17,"minecraft:creeper":2,"minecraft:cave_spider":3,"minecraft:zombie":2,"minecraft:husk":1,"minecraft:player":25,"minecraft:spider":3,"minecraft:enderman":1,"minecraft:warden":5,"minecraft:skeleton":5,"alexsmobs:crimson_mosquito":1},"minecraft:killed":{"minecraft:cave_spider":20,"minecraft:spider":29,"minecraft:wither":1,"minecraft:skeleton":20,"minecraft:silverfish":4,"artifacts:mimic":15,"minecraft:iron_golem":1,"minecraft:creeper":2,"alexsmobs:crimson_mosquito":7,"minecraft:zombie":17,"alexsmobs:terrapin":1,"alexsmobs:sunbird":1,"alexsmobs:bone_serpent":1,"alexsmobs:dropbear":1,"minecraft:drowned":15,"minecraft:husk":1,"minecraft:bat":2,"minecraft:frog":1,"minecraft:squid":1,"alexsmobs:catfish":1,"alexsmobs:crocodile":2,"alexsmobs:cockroach":1,"minecraft:wither_skeleton":678,"minecraft:villager":1},"minecraft:crafted":{"minecraft:grindstone":1,"minecraft:smooth_stone":3,"minecraft:chainmail_helmet":8,"travelersbackpack:hose_nozzle":1,"minecraft:stone":6,"minecraft:glass":26,"minecraft:hopper":4,"minecraft:bow":1,"minecraft:diamond_helmet":1,"minecraft:diamond_leggings":1,"minecraft:iron_boots":19,"minecraft:chest":5,"immersive_armors:bone_chestplate":1,"minecraft:arrow":32,"minecraft:emerald":237,"minecraft:diamond_axe":4,"minecraft:crafting_table":3,"minecraft:spruce_planks":1608,"minecraft:wooden_pickaxe":1,"minecraft:fletching_table":3,"minecraft:diamond_pickaxe":3,"minecraft:stick":3746,"minecraft:stone_slab":6,"minecraft:iron_ingot":41,"minecraft:iron_block":6,"minecraft:fishing_rod":1,"minecraft:iron_nugget":13,"minecraft:furnace":2,"minecraft:blast_furnace":1,"minecraft:bone_meal":114,"minecraft:glass_pane":64,"minecraft:flint_and_steel":1,"minecraft:iron_axe":17,"minecraft:ladder":18,"minecraft:iron_hoe":2,"minecraft:stone_pickaxe":13,"minecraft:diamond_boots":2,"minecraft:dark_oak_planks":4,"travelersbackpack:hose":1,"ironchest:gold_chest":1,"minecraft:diamond_sword":3,"minecraft:bell":2,"minecraft:stone_axe":1,"minecraft:air":0,"minecraft:chainmail_boots":4,"minecraft:wooden_axe":2,"minecraft:iron_shovel":1,"minecraft:anvil":1,"minecraft:torch":56,"ironchest:iron_chest":1},"minecraft:custom":{"minecraft:blood":0,"minecraft:dexterity":22,"minecraft:interact_with_crafting_table":54,"minecraft:open_barrel":12,"goblintraders:trade_with_goblin":24,"minecraft:eat_cake_slice":3,"minecraft:leave_game":12,"minecraft:time_since_death":22742,"minecraft:sprint_one_cm":880431,"minecraft:damage_blocked_by_shield":35,"minecraft:drop":460,"minecraft:health":454,"minecraft:play_noteblock":1,"minecraft:talked_to_villager":88,"minecraft:play_time":838360,"minecraft:deaths":88,"minecraft:jump":6185,"minecraft:energy":402,"minecraft:walk_on_water_one_cm":123191,"minecraft:enchant_item":15,"minecraft:interact_with_furnace":13,"minecraft:intelligence":20,"minecraft:traded_with_villager":288,"minecraft:sleep_in_bed":13,"minecraft:levels_gained":13,"minecraft:waystone_activated":2,"minecraft:damage_dealt":156929,"minecraft:player_kills":6,"minecraft:crouch_one_cm":25070,"minecraft:interact_with_smoker":1,"minecraft:interact_with_smithing_table":1,"minecraft:interact_with_anvil":15,"minecraft:mob_kills":830,"minecraft:inspect_hopper":6,"minecraft:damage_dealt_resisted":62561,"minecraft:climb_one_cm":16603,"minecraft:mana":409,"minecraft:magic_shield":20,"minecraft:walk_one_cm":1540325,"minecraft:sneak_time":8103,"minecraft:walk_under_water_one_cm":91272,"minecraft:interact_with_blast_furnace":3,"minecraft:total_world_time":838360,"minecraft:move_speed":0,"minecraft:tune_noteblock":4,"minecraft:time_since_rest":22785,"minecraft:damage_absorbed":1215,"minecraft:damage_taken":26378,"minecraft:swim_one_cm":170734,"minecraft:fly_one_cm":1049486,"minecraft:open_chest":346,"minecraft:strength":40,"minecraft:fish_caught":9,"minecraft:fall_one_cm":187191},"minecraft:used":{"minecraft:beetroot":1,"minecraft:jack_o_lantern":1,"minecraft:iron_shovel":186,"minecraft:spruce_slab":11,"minecraft:ladder":3,"minecraft:shield":1,"minecraft:chest":11,"minecraft:iron_sword":619,"minecraft:rotten_flesh":1,"minecraft:iron_chestplate":1,"minecraft:soul_sand":11,"minecraft:carrot":401,"minecraft:obsidian":36,"minecraft:stripped_spruce_log":3,"enchantinginfuser:advanced_enchanting_infuser":2,"minecraft:glass":2,"minecraft:lava_bucket":3,"minecraft:green_wool":1,"minecraft:dark_oak_wood":2,"minecraft:bow":110,"minecraft:sweet_berries":21,"minecraft:furnace":1,"minecraft:gold_block":1,"minecraft:dark_oak_stairs":3,"minecraft:diamond_boots":1,"minecraft:wither_skeleton_skull":7,"minecraft:stone_pickaxe":317,"minecraft:ender_pearl":4,"minecraft:wooden_pickaxe":18,"minecraft:composter":1,"minecraft:diamond_axe":21,"minecraft:golden_apple":1,"minecraft:sand":4,"minecraft:blast_furnace":1,"waystones:waystone":2,"minecraft:bread":55,"minecraft:cyan_carpet":2,"minecraft:gravel":4,"minecraft:diamond_sword":2627,"minecraft:grindstone":2,"minecraft:coarse_dirt":1,"minecraft:bone_meal":168,"minecraft:experience_bottle":32,"minecraft:flint_and_steel":8,"minecraft:tropical_fish":1,"minecraft:spruce_planks":43,"minecraft:netherrack":178,"minecraft:torch":68,"minecraft:dirt":46,"minecraft:anvil":1,"minecraft:hopper":5,"minecraft:spruce_stairs":1,"minecraft:iron_hoe":41,"minecraft:dark_oak_planks":3,"minecraft:wooden_axe":160,"minecraft:bookshelf":1,"minecraft:iron_axe":437,"minecraft:smooth_quartz":15,"minecraft:basalt":2,"minecraft:golden_carrot":22,"ironchest:gold_chest":1,"minecraft:cobbled_deepslate":47,"minecraft:iron_leggings":1,"minecraft:cooked_mutton":2,"minecraft:fletching_table":3,"minecraft:salmon":2,"minecraft:crafting_table":3,"minecraft:spruce_log":19,"minecraft:mud":3,"minecraft:diamond_pickaxe":1033,"minecraft:iron_pickaxe":130,"minecraft:stone_axe":95,"mmorpg:weapon/staff/wood":10,"minecraft:fishing_rod":27,"minecraft:potion":3,"minecraft:cobblestone":135,"travelersbackpack:standard":23,"minecraft:purple_bed":1,"minecraft:bucket":3,"minecraft:glass_pane":42,"minecraft:pumpkin_pie":2,"minecraft:diamond_leggings":1,"minecraft:sculk_catalyst":1},"minecraft:mined":{"minecraft:dark_oak_planks":4,"minecraft:spruce_planks":37,"minecraft:sculk_vein":8,"minecraft:red_nether_bricks":2,"minecraft:obsidian":63,"minecraft:grass_block":15,"minecraft:light_gray_bed":1,"minecraft:composter":1,"minecraft:spawner":30,"minecraft:magma_block":30,"minecraft:sculk_catalyst":1,"minecraft:iron_ore":7,"minecraft:fire":23,"ironchest:gold_chest":1,"minecraft:fletching_table":2,"minecraft:dark_oak_stairs":2,"minecraft:spruce_wood":8,"minecraft:spruce_slab":1,"minecraft:crimson_nylium":4,"minecraft:torch":8,"minecraft:dark_oak_wood":8,"minecraft:poppy":1,"minecraft:chest":1,"minecraft:glass":1,"minecraft:wither_skeleton_wall_skull":2,"minecraft:cobblestone":31,"minecraft:grindstone":1,"minecraft:wall_torch":3,"minecraft:mud":6,"minecraft:wheat":11,"minecraft:pumpkin_stem":1,"minecraft:grass":20,"minecraft:smooth_quartz":52,"minecraft:dirt":50,"minecraft:sand":125,"minecraft:tripwire_hook":1,"minecraft:wither_skeleton_skull":1,"minecraft:red_mushroom_block":1,"minecraft:stonecutter":1,"minecraft:netherrack":590,"minecraft:oak_leaves":1,"minecraft:deepslate":115,"minecraft:dark_prismarine":8,"minecraft:attached_pumpkin_stem":2,"minecraft:tuff":5,"minecraft:mossy_cobblestone":1,"minecraft:deepslate_diamond_ore":2,"minecraft:jack_o_lantern":1,"minecraft:mangrove_roots":6,"minecraft:spruce_fence":7,"minecraft:spruce_leaves":3,"minecraft:sandstone":66,"minecraft:large_fern":6,"minecraft:carrots":212,"minecraft:stripped_spruce_log":28,"minecraft:gold_block":2,"minecraft:bookshelf":11,"minecraft:stone":426,"minecraft:podzol":6,"minecraft:glass_pane":6,"minecraft:soul_sand":33,"minecraft:cornflower":1,"minecraft:emerald_ore":2,"minecraft:rose_bush":1,"minecraft:lectern":1,"minecraft:copper_ore":3,"minecraft:sculk":5,"minecraft:diorite":1,"minecraft:spruce_stairs":1,"minecraft:purple_bed":2,"minecraft:coarse_dirt":3,"minecraft:sweet_berry_bush":11,"minecraft:spruce_log":534,"minecraft:birch_leaves":3,"minecraft:coal_ore":12,"minecraft:cyan_carpet":5,"minecraft:gravel":24,"enchantinginfuser:advanced_enchanting_infuser":2,"minecraft:cobweb":2,"minecraft:deepslate_emerald_ore":1,"minecraft:infested_stone":1,"minecraft:fern":1}},"DataVersion":3465}