{"stats":{"minecraft:used":{"minecraft:jack_o_lantern":1,"minecraft:iron_shovel":186,"minecraft:spruce_slab":1,"minecraft:ladder":1,"minecraft:chest":3,"minecraft:spruce_planks":5,"minecraft:rotten_flesh":1,"minecraft:torch":65,"minecraft:dirt":41,"minecraft:hopper":2,"minecraft:carrot":346,"minecraft:stripped_spruce_log":3,"minecraft:iron_hoe":41,"minecraft:wooden_axe":160,"minecraft:iron_axe":332,"minecraft:dark_oak_wood":2,"minecraft:smooth_quartz":12,"minecraft:bow":3,"minecraft:golden_carrot":12,"minecraft:sweet_berries":5,"minecraft:furnace":1,"minecraft:cooked_mutton":1,"minecraft:dark_oak_stairs":1,"minecraft:diamond_boots":1,"minecraft:wither_skeleton_skull":2,"minecraft:stone_pickaxe":317,"minecraft:wooden_pickaxe":18,"minecraft:composter":1,"minecraft:fletching_table":3,"minecraft:sand":3,"minecraft:crafting_table":2,"minecraft:blast_furnace":1,"minecraft:spruce_log":19,"minecraft:iron_pickaxe":130,"minecraft:bread":8,"minecraft:cyan_carpet":1,"minecraft:gravel":1,"minecraft:stone_axe":95,"minecraft:diamond_sword":1703,"travelersbackpack:standard":1,"minecraft:potion":2,"minecraft:cobblestone":105,"minecraft:purple_bed":1,"minecraft:coarse_dirt":1,"minecraft:diamond_leggings":1,"minecraft:bone_meal":168},"minecraft:killed":{"minecraft:cave_spider":9,"minecraft:spider":17,"minecraft:skeleton":3,"minecraft:drowned":5,"artifacts:mimic":4,"minecraft:iron_golem":1,"minecraft:zombie":7,"alexsmobs:terrapin":1,"minecraft:wither_skeleton":234,"minecraft:villager":1},"minecraft:crafted":{"minecraft:smooth_stone":3,"minecraft:chainmail_helmet":8,"minecraft:iron_nugget":13,"minecraft:furnace":2,"minecraft:blast_furnace":1,"minecraft:stone":3,"minecraft:bone_meal":114,"minecraft:hopper":1,"minecraft:diamond_helmet":1,"minecraft:bow":1,"minecraft:diamond_leggings":1,"minecraft:iron_boots":10,"minecraft:iron_axe":2,"minecraft:iron_hoe":2,"minecraft:stone_pickaxe":3,"minecraft:chest":4,"minecraft:diamond_boots":2,"immersive_armors:bone_chestplate":1,"minecraft:arrow":32,"minecraft:emerald":103,"minecraft:crafting_table":2,"minecraft:spruce_planks":1280,"minecraft:wooden_pickaxe":1,"minecraft:fletching_table":3,"minecraft:stone_axe":1,"minecraft:air":0,"minecraft:stick":3180,"minecraft:chainmail_boots":4,"minecraft:iron_ingot":28,"minecraft:wooden_axe":2,"minecraft:iron_block":3,"minecraft:iron_shovel":1,"minecraft:torch":56},"minecraft:custom":{"minecraft:interact_with_smithing_table":1,"minecraft:mob_kills":283,"minecraft:interact_with_anvil":6,"minecraft:inspect_hopper":5,"minecraft:interact_with_crafting_table":34,"minecraft:damage_dealt_resisted":28240,"minecraft:leave_game":5,"minecraft:time_since_death":79,"minecraft:climb_one_cm":9056,"minecraft:sprint_one_cm":346214,"minecraft:walk_one_cm":741750,"minecraft:drop":89,"minecraft:play_noteblock":1,"minecraft:talked_to_villager":31,"minecraft:play_time":343285,"minecraft:deaths":47,"minecraft:sneak_time":2937,"minecraft:walk_under_water_one_cm":41860,"minecraft:jump":2720,"minecraft:interact_with_blast_furnace":3,"minecraft:walk_on_water_one_cm":52031,"minecraft:total_world_time":343285,"minecraft:interact_with_furnace":6,"minecraft:traded_with_villager":132,"minecraft:tune_noteblock":4,"minecraft:sleep_in_bed":2,"minecraft:time_since_rest":109,"minecraft:damage_taken":12668,"minecraft:damage_dealt":101047,"minecraft:player_kills":3,"minecraft:swim_one_cm":101816,"minecraft:fly_one_cm":450369,"minecraft:open_chest":185,"minecraft:crouch_one_cm":6689,"minecraft:fall_one_cm":57096},"minecraft:broken":{"minecraft:stone_pickaxe":2,"minecraft:stone_axe":1,"minecraft:wooden_axe":2},"minecraft:mined":{"minecraft:attached_pumpkin_stem":2,"minecraft:dark_prismarine":2,"minecraft:spruce_planks":15,"minecraft:mossy_cobblestone":1,"minecraft:jack_o_lantern":1,"minecraft:mangrove_roots":6,"minecraft:grass_block":13,"minecraft:spruce_fence":4,"minecraft:spruce_leaves":2,"minecraft:composter":1,"minecraft:sandstone":66,"minecraft:spawner":5,"minecraft:large_fern":5,"minecraft:carrots":212,"minecraft:iron_ore":7,"minecraft:stripped_spruce_log":21,"minecraft:fletching_table":1,"minecraft:dark_oak_stairs":2,"minecraft:bookshelf":10,"minecraft:spruce_wood":8,"minecraft:stone":256,"minecraft:podzol":6,"minecraft:cornflower":1,"minecraft:torch":7,"minecraft:dark_oak_wood":5,"minecraft:rose_bush":1,"minecraft:lectern":1,"minecraft:wither_skeleton_wall_skull":2,"minecraft:copper_ore":1,"minecraft:cobblestone":23,"minecraft:wall_torch":3,"minecraft:purple_bed":2,"minecraft:coarse_dirt":3,"minecraft:wheat":11,"minecraft:sweet_berry_bush":4,"minecraft:spruce_log":463,"minecraft:birch_leaves":1,"minecraft:pumpkin_stem":1,"minecraft:grass":4,"minecraft:coal_ore":12,"minecraft:dirt":47,"minecraft:gravel":20,"minecraft:cyan_carpet":1,"minecraft:sand":125,"minecraft:smooth_quartz":39,"minecraft:stonecutter":1,"minecraft:oak_leaves":1,"minecraft:deepslate":25,"minecraft:fern":1},"minecraft:killed_by":{"minecraft:zombie_villager":1,"minecraft:player":12,"minecraft:wither_skeleton":14,"minecraft:creeper":2,"minecraft:spider":1,"minecraft:cave_spider":2,"minecraft:skeleton":4,"minecraft:zombie":1},"minecraft:dropped":{"minecraft:iron_ingot":4,"minecraft:bread":17,"minecraft:dark_oak_stairs":1,"minecraft:wheat_seeds":21,"minecraft:diamond_leggings":1,"minecraft:cobblestone":12,"minecraft:chainmail_helmet":8,"minecraft:stick":39,"minecraft:dirt":3,"minecraft:golden_carrot":4,"minecraft:torch":8,"minecraft:dark_oak_wood":3,"minecraft:smooth_quartz":27,"minecraft:potion":2,"minecraft:iron_axe":2,"minecraft:iron_pickaxe":1,"minecraft:chainmail_leggings":1,"minecraft:string":21,"minecraft:spruce_sapling":25,"minecraft:gold_ingot":26,"minecraft:bone":12,"minecraft:hanging_roots":1,"minecraft:stone_axe":1,"minecraft:coarse_dirt":2,"minecraft:cobbled_deepslate":22,"minecraft:raw_copper":5,"minecraft:birch_sapling":2,"minecraft:rotten_flesh":18,"minecraft:wither_skeleton_skull":3,"minecraft:iron_hoe":1,"minecraft:carrot":129,"minecraft:chainmail_chestplate":1,"minecraft:filled_map":1,"minecraft:diamond_sword":4,"minecraft:poppy":1,"minecraft:spruce_planks":175,"artifacts:panic_necklace":1,"minecraft:chainmail_boots":4,"minecraft:spruce_wood":11,"minecraft:spider_eye":2,"minecraft:diamond_boots":1,"minecraft:dark_prismarine":2},"minecraft:picked_up":{"minecraft:wooden_axe":1,"minecraft:coarse_dirt":4,"minecraft:wheat":4,"minecraft:chainmail_boots":2,"minecraft:ladder":1,"minecraft:diamond_sword":7,"minecraft:potion":1,"minecraft:cornflower":1,"minecraft:string":45,"minecraft:raw_copper":5,"minecraft:iron_axe":1,"minecraft:iron_leggings":1,"minecraft:cyan_carpet":2,"minecraft:cobbled_deepslate":64,"minecraft:spruce_planks":116,"minecraft:smooth_quartz":53,"minecraft:poppy":1,"minecraft:iron_pickaxe":1,"minecraft:lectern":1,"minecraft:birch_sapling":5,"artifacts:universal_attractor":1,"minecraft:stick":85,"minecraft:raw_iron":7,"minecraft:sandstone":65,"minecraft:composter":1,"minecraft:copper_ingot":2,"minecraft:torch":23,"minecraft:spruce_fence":2,"minecraft:carrot":785,"minecraft:dark_oak_planks":2,"artifacts:cowboy_hat":1,"minecraft:arrow":35,"minecraft:rotten_flesh":24,"artifacts:pocket_piston":1,"minecraft:mangrove_roots":6,"minecraft:gold_ingot":25,"artifacts:panic_necklace":2,"minecraft:cobblestone":431,"artifacts:thorn_pendant":1,"minecraft:wither_skeleton_skull":3,"minecraft:paper":10,"minecraft:dirt":66,"minecraft:bone":77,"minecraft:hanging_roots":2,"minecraft:wheat_seeds":43,"minecraft:spruce_wood":11,"minecraft:stone_pickaxe":1,"minecraft:iron_ingot":25,"minecraft:fletching_table":1,"minecraft:dark_oak_stairs":2,"minecraft:book":21,"minecraft:sweet_berries":11,"minecraft:gravel":21,"minecraft:sand":121,"minecraft:stripped_spruce_log":21,"minecraft:spruce_sapling":119,"minecraft:ink_sac":1,"minecraft:spruce_log":403,"minecraft:spider_eye":6,"minecraft:mossy_cobblestone":1,"minecraft:dark_prismarine":2,"travelersbackpack:standard":1,"minecraft:pumpkin_seeds":7,"minecraft:purple_bed":2,"minecraft:stone_axe":1,"minecraft:chainmail_leggings":1,"minecraft:bone_meal":192,"minecraft:emerald":16,"minecraft:bread":1,"minecraft:jack_o_lantern":1,"minecraft:dark_oak_wood":6,"minecraft:coal":22}},"DataVersion":3465}