{"stats":{"minecraft:used":{"minecraft:jack_o_lantern":1,"minecraft:iron_shovel":186,"minecraft:spruce_slab":1,"minecraft:ladder":1,"minecraft:chest":3,"minecraft:spruce_planks":5,"minecraft:torch":65,"minecraft:dirt":41,"minecraft:hopper":2,"minecraft:carrot":248,"minecraft:stripped_spruce_log":3,"minecraft:iron_hoe":40,"minecraft:wooden_axe":160,"minecraft:iron_axe":236,"minecraft:dark_oak_wood":2,"minecraft:smooth_quartz":12,"minecraft:golden_carrot":12,"minecraft:sweet_berries":5,"minecraft:furnace":1,"minecraft:dark_oak_stairs":1,"minecraft:diamond_boots":1,"minecraft:stone_pickaxe":317,"minecraft:wooden_pickaxe":18,"minecraft:composter":1,"minecraft:fletching_table":3,"minecraft:sand":3,"minecraft:crafting_table":2,"minecraft:blast_furnace":1,"minecraft:spruce_log":5,"minecraft:iron_pickaxe":128,"minecraft:bread":8,"minecraft:cyan_carpet":1,"minecraft:gravel":1,"minecraft:stone_axe":95,"minecraft:diamond_sword":1628,"minecraft:cobblestone":105,"minecraft:purple_bed":1,"minecraft:coarse_dirt":1,"minecraft:diamond_leggings":1,"minecraft:bone_meal":168},"minecraft:killed":{"minecraft:cave_spider":9,"minecraft:spider":17,"minecraft:skeleton":2,"minecraft:iron_golem":1,"minecraft:zombie":6,"alexsmobs:terrapin":1,"minecraft:wither_skeleton":231,"minecraft:villager":1},"minecraft:crafted":{"minecraft:smooth_stone":3,"minecraft:chainmail_helmet":8,"minecraft:furnace":2,"minecraft:blast_furnace":1,"minecraft:stone":3,"minecraft:bone_meal":114,"minecraft:hopper":1,"minecraft:diamond_leggings":1,"minecraft:iron_boots":10,"minecraft:iron_axe":1,"minecraft:iron_hoe":2,"minecraft:stone_pickaxe":3,"minecraft:chest":4,"minecraft:diamond_boots":2,"immersive_armors:bone_chestplate":1,"minecraft:emerald":71,"minecraft:crafting_table":2,"minecraft:spruce_planks":1192,"minecraft:wooden_pickaxe":1,"minecraft:fletching_table":3,"minecraft:stone_axe":1,"minecraft:air":0,"minecraft:stick":2198,"minecraft:chainmail_boots":4,"minecraft:iron_ingot":27,"minecraft:wooden_axe":2,"minecraft:iron_block":3,"minecraft:iron_shovel":1,"minecraft:torch":56},"minecraft:custom":{"minecraft:interact_with_smithing_table":1,"minecraft:mob_kills":269,"minecraft:interact_with_anvil":6,"minecraft:inspect_hopper":4,"minecraft:interact_with_crafting_table":31,"minecraft:damage_dealt_resisted":27928,"minecraft:leave_game":5,"minecraft:time_since_death":10583,"minecraft:climb_one_cm":9056,"minecraft:sprint_one_cm":273644,"minecraft:walk_one_cm":670983,"minecraft:drop":78,"minecraft:play_noteblock":1,"minecraft:talked_to_villager":20,"minecraft:play_time":271285,"minecraft:deaths":41,"minecraft:sneak_time":2825,"minecraft:walk_under_water_one_cm":14063,"minecraft:jump":2283,"minecraft:walk_on_water_one_cm":35495,"minecraft:total_world_time":271285,"minecraft:interact_with_furnace":4,"minecraft:traded_with_villager":96,"minecraft:tune_noteblock":4,"minecraft:sleep_in_bed":2,"minecraft:time_since_rest":10617,"minecraft:damage_taken":11019,"minecraft:damage_dealt":95799,"minecraft:player_kills":2,"minecraft:swim_one_cm":69148,"minecraft:fly_one_cm":361088,"minecraft:open_chest":160,"minecraft:crouch_one_cm":6689,"minecraft:fall_one_cm":46111},"minecraft:broken":{"minecraft:stone_pickaxe":2,"minecraft:stone_axe":1,"minecraft:wooden_axe":2},"minecraft:mined":{"minecraft:attached_pumpkin_stem":2,"minecraft:dark_prismarine":2,"minecraft:spruce_planks":15,"minecraft:mossy_cobblestone":1,"minecraft:jack_o_lantern":1,"minecraft:mangrove_roots":6,"minecraft:grass_block":13,"minecraft:spruce_fence":4,"minecraft:spruce_leaves":2,"minecraft:composter":1,"minecraft:sandstone":66,"minecraft:spawner":5,"minecraft:large_fern":4,"minecraft:carrots":123,"minecraft:iron_ore":7,"minecraft:stripped_spruce_log":21,"minecraft:fletching_table":1,"minecraft:dark_oak_stairs":2,"minecraft:bookshelf":10,"minecraft:spruce_wood":8,"minecraft:stone":256,"minecraft:podzol":6,"minecraft:cornflower":1,"minecraft:torch":7,"minecraft:dark_oak_wood":5,"minecraft:rose_bush":1,"minecraft:lectern":1,"minecraft:copper_ore":1,"minecraft:cobblestone":23,"minecraft:wall_torch":3,"minecraft:purple_bed":2,"minecraft:coarse_dirt":2,"minecraft:wheat":11,"minecraft:sweet_berry_bush":4,"minecraft:spruce_log":374,"minecraft:birch_leaves":1,"minecraft:pumpkin_stem":1,"minecraft:grass":4,"minecraft:coal_ore":12,"minecraft:dirt":47,"minecraft:gravel":20,"minecraft:cyan_carpet":1,"minecraft:sand":125,"minecraft:smooth_quartz":39,"minecraft:stonecutter":1,"minecraft:oak_leaves":1,"minecraft:deepslate":25,"minecraft:fern":1},"minecraft:killed_by":{"minecraft:zombie_villager":1,"minecraft:player":10,"minecraft:wither_skeleton":14,"minecraft:creeper":2,"minecraft:spider":1,"minecraft:cave_spider":2,"minecraft:skeleton":4},"minecraft:dropped":{"minecraft:iron_ingot":4,"minecraft:bread":17,"minecraft:dark_oak_stairs":1,"minecraft:wheat_seeds":20,"minecraft:diamond_leggings":1,"minecraft:cobblestone":12,"minecraft:chainmail_helmet":8,"minecraft:stick":25,"minecraft:dirt":3,"minecraft:golden_carrot":4,"minecraft:torch":8,"minecraft:dark_oak_wood":3,"minecraft:smooth_quartz":27,"minecraft:potion":2,"minecraft:iron_axe":2,"minecraft:chainmail_leggings":1,"minecraft:string":18,"minecraft:spruce_sapling":25,"minecraft:gold_ingot":26,"minecraft:hanging_roots":1,"minecraft:stone_axe":1,"minecraft:cobbled_deepslate":22,"minecraft:raw_copper":5,"minecraft:birch_sapling":2,"minecraft:rotten_flesh":3,"minecraft:wither_skeleton_skull":2,"minecraft:iron_hoe":1,"minecraft:carrot":128,"minecraft:chainmail_chestplate":1,"minecraft:filled_map":1,"minecraft:diamond_sword":4,"minecraft:poppy":1,"minecraft:spruce_planks":175,"minecraft:chainmail_boots":4,"minecraft:spruce_wood":11,"minecraft:spider_eye":2,"minecraft:diamond_boots":1,"minecraft:dark_prismarine":2},"minecraft:picked_up":{"minecraft:wooden_axe":1,"minecraft:coarse_dirt":2,"minecraft:wheat":4,"minecraft:chainmail_boots":2,"minecraft:ladder":1,"minecraft:diamond_sword":7,"minecraft:potion":1,"minecraft:cornflower":1,"minecraft:string":42,"minecraft:raw_copper":5,"minecraft:iron_axe":1,"minecraft:iron_leggings":1,"minecraft:cyan_carpet":2,"minecraft:cobbled_deepslate":25,"minecraft:spruce_planks":116,"minecraft:smooth_quartz":53,"minecraft:poppy":1,"minecraft:iron_pickaxe":1,"minecraft:lectern":1,"minecraft:birch_sapling":5,"minecraft:stick":58,"minecraft:raw_iron":7,"minecraft:sandstone":65,"minecraft:composter":1,"minecraft:torch":23,"minecraft:spruce_fence":2,"minecraft:carrot":448,"minecraft:dark_oak_planks":2,"minecraft:arrow":12,"minecraft:rotten_flesh":8,"minecraft:mangrove_roots":6,"minecraft:gold_ingot":25,"minecraft:cobblestone":431,"minecraft:wither_skeleton_skull":1,"minecraft:paper":10,"minecraft:dirt":66,"minecraft:bone":48,"minecraft:hanging_roots":2,"minecraft:wheat_seeds":41,"minecraft:spruce_wood":11,"minecraft:stone_pickaxe":1,"minecraft:iron_ingot":25,"minecraft:fletching_table":1,"minecraft:dark_oak_stairs":2,"minecraft:book":21,"minecraft:sweet_berries":11,"minecraft:gravel":21,"minecraft:sand":121,"minecraft:stripped_spruce_log":21,"minecraft:spruce_sapling":108,"minecraft:ink_sac":1,"minecraft:spruce_log":327,"minecraft:spider_eye":6,"minecraft:mossy_cobblestone":1,"minecraft:dark_prismarine":2,"minecraft:pumpkin_seeds":7,"minecraft:purple_bed":2,"minecraft:stone_axe":1,"minecraft:chainmail_leggings":1,"minecraft:bone_meal":192,"minecraft:emerald":16,"minecraft:bread":1,"minecraft:jack_o_lantern":1,"minecraft:dark_oak_wood":6,"minecraft:coal":22}},"DataVersion":3465}