{"stats":{"minecraft:crafted":{"minecraft:grindstone":1,"minecraft:smooth_stone":3,"minecraft:chainmail_helmet":8,"minecraft:stone":6,"minecraft:glass":26,"minecraft:hopper":4,"minecraft:diamond_leggings":1,"minecraft:diamond_helmet":1,"minecraft:bow":1,"minecraft:iron_boots":19,"minecraft:chest":5,"immersive_armors:bone_chestplate":1,"minecraft:arrow":32,"minecraft:emerald":189,"minecraft:diamond_axe":4,"minecraft:crafting_table":2,"minecraft:spruce_planks":1584,"minecraft:wooden_pickaxe":1,"minecraft:fletching_table":3,"minecraft:diamond_pickaxe":3,"minecraft:stick":3746,"minecraft:stone_slab":6,"minecraft:iron_ingot":41,"minecraft:iron_block":3,"minecraft:iron_nugget":13,"minecraft:furnace":2,"minecraft:blast_furnace":1,"minecraft:bone_meal":114,"minecraft:glass_pane":64,"minecraft:flint_and_steel":1,"minecraft:iron_axe":17,"minecraft:iron_hoe":2,"minecraft:stone_pickaxe":13,"minecraft:diamond_boots":2,"minecraft:dark_oak_planks":4,"ironchest:gold_chest":1,"minecraft:diamond_sword":1,"minecraft:bell":2,"minecraft:stone_axe":1,"minecraft:air":0,"minecraft:chainmail_boots":4,"minecraft:wooden_axe":2,"minecraft:iron_shovel":1,"minecraft:torch":56,"ironchest:iron_chest":1},"minecraft:dropped":{"minecraft:dark_oak_stairs":1,"minecraft:glow_ink_sac":15,"minecraft:glass_bottle":1,"minecraft:saddle":2,"artifacts:universal_attractor":1,"minecraft:cod":6,"minecraft:item_frame":9,"minecraft:flint":3,"minecraft:emerald":2048,"minecraft:dirt":3,"artifacts:thorn_pendant":2,"minecraft:dark_oak_wood":5,"minecraft:iron_pickaxe":1,"artifacts:cowboy_hat":1,"minecraft:gold_ingot":95,"minecraft:bone":82,"minecraft:stone_axe":1,"minecraft:cobbled_deepslate":80,"minecraft:birch_sapling":2,"minecraft:rotten_flesh":40,"artifacts:villager_hat":1,"minecraft:birch_wood":2,"minecraft:salmon":6,"minecraft:carrot":609,"minecraft:chainmail_chestplate":1,"minecraft:poppy":1,"minecraft:charcoal":2,"artifacts:panic_necklace":1,"minecraft:chainmail_boots":4,"minecraft:spruce_wood":11,"minecraft:spruce_slab":12,"minecraft:arrow":34,"minecraft:iron_ingot":198,"minecraft:bread":17,"minecraft:wheat_seeds":21,"minecraft:diamond_leggings":1,"minecraft:cobblestone":349,"minecraft:book":12,"artifacts:whoopee_cushion":3,"minecraft:copper_ingot":4,"minecraft:chainmail_helmet":8,"minecraft:stick":170,"artifacts:lucky_scarf":1,"artifacts:snorkel":1,"minecraft:golden_carrot":4,"minecraft:ink_sac":27,"minecraft:torch":8,"artifacts:obsidian_skull":1,"minecraft:smooth_quartz":29,"minecraft:potion":3,"artifacts:crystal_heart":1,"minecraft:iron_axe":39,"minecraft:mud":3,"minecraft:chainmail_leggings":1,"minecraft:iron_shovel":1,"minecraft:string":108,"minecraft:spruce_sapling":25,"minecraft:hanging_roots":1,"minecraft:sweet_berries":3,"minecraft:coarse_dirt":2,"minecraft:raw_copper":12,"minecraft:tuff":15,"minecraft:wither_skeleton_skull":3,"minecraft:iron_boots":1,"minecraft:iron_hoe":1,"minecraft:stone_slab":5,"minecraft:spruce_fence":5,"minecraft:filled_map":1,"minecraft:diamond_sword":4,"minecraft:diamond_chestplate":1,"minecraft:spruce_planks":201,"minecraft:light_gray_bed":1,"artifacts:pickaxe_heater":7,"minecraft:spider_eye":22,"minecraft:diamond_boots":1,"minecraft:raw_gold":10,"minecraft:bell":4,"minecraft:calcite":1,"minecraft:dark_prismarine":10},"minecraft:mined":{"minecraft:dark_oak_planks":4,"minecraft:spruce_planks":36,"minecraft:sculk_vein":8,"minecraft:red_nether_bricks":2,"minecraft:obsidian":46,"minecraft:grass_block":13,"minecraft:light_gray_bed":1,"minecraft:composter":1,"minecraft:spawner":30,"minecraft:sculk_catalyst":1,"minecraft:iron_ore":7,"minecraft:fire":13,"ironchest:gold_chest":1,"minecraft:fletching_table":2,"minecraft:dark_oak_stairs":2,"minecraft:spruce_wood":8,"minecraft:spruce_slab":1,"minecraft:torch":7,"minecraft:dark_oak_wood":8,"minecraft:poppy":1,"minecraft:chest":1,"minecraft:glass":1,"minecraft:wither_skeleton_wall_skull":2,"minecraft:cobblestone":31,"minecraft:grindstone":1,"minecraft:wall_torch":3,"minecraft:mud":6,"minecraft:wheat":11,"minecraft:pumpkin_stem":1,"minecraft:grass":18,"minecraft:sand":125,"minecraft:dirt":47,"minecraft:smooth_quartz":52,"minecraft:tripwire_hook":1,"minecraft:stonecutter":1,"minecraft:oak_leaves":1,"minecraft:deepslate":105,"minecraft:attached_pumpkin_stem":2,"minecraft:dark_prismarine":8,"minecraft:tuff":5,"minecraft:mossy_cobblestone":1,"minecraft:deepslate_diamond_ore":2,"minecraft:jack_o_lantern":1,"minecraft:mangrove_roots":6,"minecraft:spruce_fence":7,"minecraft:spruce_leaves":3,"minecraft:sandstone":66,"minecraft:large_fern":5,"minecraft:carrots":212,"minecraft:stripped_spruce_log":28,"minecraft:gold_block":2,"minecraft:bookshelf":11,"minecraft:stone":424,"minecraft:podzol":6,"minecraft:glass_pane":6,"minecraft:cornflower":1,"minecraft:emerald_ore":2,"minecraft:rose_bush":1,"minecraft:lectern":1,"minecraft:copper_ore":3,"minecraft:sculk":5,"minecraft:diorite":1,"minecraft:spruce_stairs":1,"minecraft:purple_bed":2,"minecraft:coarse_dirt":3,"minecraft:sweet_berry_bush":11,"minecraft:spruce_log":534,"minecraft:birch_leaves":2,"minecraft:coal_ore":12,"minecraft:gravel":24,"minecraft:cyan_carpet":5,"enchantinginfuser:advanced_enchanting_infuser":2,"minecraft:cobweb":2,"minecraft:deepslate_emerald_ore":1,"minecraft:infested_stone":1,"minecraft:fern":1},"minecraft:custom":{"minecraft:interact_with_crafting_table":47,"minecraft:open_barrel":8,"minecraft:eat_cake_slice":3,"minecraft:leave_game":8,"minecraft:time_since_death":26521,"minecraft:sprint_one_cm":720426,"minecraft:drop":304,"minecraft:play_noteblock":1,"minecraft:talked_to_villager":86,"minecraft:play_time":598816,"minecraft:deaths":75,"minecraft:jump":4426,"minecraft:walk_on_water_one_cm":96143,"minecraft:interact_with_furnace":13,"minecraft:traded_with_villager":262,"minecraft:sleep_in_bed":13,"minecraft:damage_dealt":133843,"minecraft:player_kills":6,"minecraft:crouch_one_cm":14633,"minecraft:interact_with_smoker":1,"minecraft:interact_with_smithing_table":1,"minecraft:mob_kills":381,"minecraft:interact_with_anvil":13,"minecraft:inspect_hopper":6,"minecraft:damage_dealt_resisted":32684,"minecraft:climb_one_cm":15674,"minecraft:walk_one_cm":1271980,"minecraft:sneak_time":4792,"minecraft:walk_under_water_one_cm":61782,"minecraft:interact_with_blast_furnace":3,"minecraft:total_world_time":598816,"minecraft:tune_noteblock":4,"minecraft:time_since_rest":26633,"minecraft:damage_taken":22493,"minecraft:swim_one_cm":132158,"minecraft:fly_one_cm":790783,"minecraft:open_chest":270,"minecraft:fall_one_cm":117052},"minecraft:killed_by":{"minecraft:zombie_villager":1,"minecraft:wither_skeleton":17,"minecraft:creeper":2,"minecraft:cave_spider":3,"minecraft:zombie":1,"minecraft:husk":1,"minecraft:player":24,"minecraft:spider":3,"minecraft:warden":5,"minecraft:skeleton":4},"minecraft:used":{"minecraft:beetroot":1,"minecraft:jack_o_lantern":1,"minecraft:iron_shovel":186,"minecraft:spruce_slab":8,"minecraft:ladder":1,"minecraft:chest":11,"minecraft:rotten_flesh":1,"minecraft:carrot":401,"minecraft:stripped_spruce_log":3,"enchantinginfuser:advanced_enchanting_infuser":2,"minecraft:glass":2,"minecraft:dark_oak_wood":2,"minecraft:bow":110,"minecraft:sweet_berries":21,"minecraft:furnace":1,"minecraft:dark_oak_stairs":3,"minecraft:diamond_boots":1,"minecraft:wither_skeleton_skull":2,"minecraft:stone_pickaxe":317,"minecraft:wooden_pickaxe":18,"minecraft:composter":1,"minecraft:diamond_axe":21,"minecraft:golden_apple":1,"minecraft:sand":4,"minecraft:blast_furnace":1,"minecraft:bread":15,"minecraft:cyan_carpet":2,"minecraft:gravel":4,"minecraft:diamond_sword":2198,"minecraft:grindstone":1,"minecraft:coarse_dirt":1,"minecraft:bone_meal":168,"minecraft:experience_bottle":32,"minecraft:flint_and_steel":1,"minecraft:tropical_fish":1,"minecraft:spruce_planks":22,"minecraft:torch":67,"minecraft:dirt":41,"minecraft:hopper":5,"minecraft:spruce_stairs":1,"minecraft:iron_hoe":41,"minecraft:dark_oak_planks":3,"minecraft:wooden_axe":160,"minecraft:iron_axe":437,"minecraft:smooth_quartz":15,"minecraft:golden_carrot":22,"ironchest:gold_chest":1,"minecraft:cobbled_deepslate":47,"minecraft:cooked_mutton":2,"minecraft:fletching_table":3,"minecraft:crafting_table":2,"minecraft:spruce_log":19,"minecraft:mud":3,"minecraft:diamond_pickaxe":380,"minecraft:iron_pickaxe":130,"minecraft:stone_axe":95,"minecraft:cobblestone":133,"minecraft:potion":3,"travelersbackpack:standard":22,"minecraft:purple_bed":1,"minecraft:glass_pane":42,"minecraft:pumpkin_pie":2,"minecraft:diamond_leggings":1,"minecraft:sculk_catalyst":1},"minecraft:killed":{"minecraft:cave_spider":20,"minecraft:spider":27,"minecraft:skeleton":14,"artifacts:mimic":14,"minecraft:iron_golem":1,"minecraft:creeper":2,"minecraft:zombie":10,"alexsmobs:terrapin":1,"alexsmobs:sunbird":1,"minecraft:drowned":15,"minecraft:husk":1,"minecraft:bat":2,"minecraft:frog":1,"alexsmobs:catfish":1,"minecraft:wither_skeleton":265,"minecraft:villager":1},"minecraft:picked_up":{"minecraft:wooden_axe":1,"minecraft:wheat":4,"minecraft:chainmail_boots":2,"minecraft:diamond_sword":7,"minecraft:potion":3,"enchantinginfuser:advanced_enchanting_infuser":2,"minecraft:string":129,"minecraft:raw_copper":12,"minecraft:iron_leggings":1,"minecraft:beetroot":1,"minecraft:cobbled_deepslate":130,"minecraft:spruce_planks":169,"minecraft:calcite":1,"minecraft:smooth_quartz":67,"minecraft:iron_pickaxe":1,"alexsmobs:raccoon_tail":1,"minecraft:stick":226,"artifacts:universal_attractor":2,"minecraft:composter":1,"minecraft:torch":25,"minecraft:spruce_stairs":1,"artifacts:lucky_scarf":1,"minecraft:light_gray_bed":2,"minecraft:rotten_flesh":48,"minecraft:tropical_fish":1,"artifacts:villager_hat":3,"minecraft:mangrove_roots":6,"artifacts:panic_necklace":2,"minecraft:obsidian":46,"minecraft:cod":6,"minecraft:cobblestone":742,"artifacts:thorn_pendant":4,"minecraft:flint":4,"minecraft:tuff":15,"artifacts:flame_pendant":2,"minecraft:wither_skeleton_skull":3,"artifacts:pickaxe_heater":7,"minecraft:dirt":68,"artifacts:shock_pendant":1,"minecraft:hanging_roots":2,"minecraft:bone":213,"minecraft:wheat_seeds":43,"minecraft:raw_gold":10,"minecraft:bell":4,"minecraft:birch_wood":2,"minecraft:grindstone":1,"minecraft:fletching_table":2,"artifacts:antidote_vessel":2,"minecraft:sand":122,"minecraft:stripped_spruce_log":28,"minecraft:ink_sac":30,"minecraft:mossy_cobblestone":1,"minecraft:dark_prismarine":16,"artifacts:plastic_drinking_hat":1,"artifacts:golden_hook":1,"artifacts:crystal_heart":2,"minecraft:bone_meal":193,"minecraft:emerald":1764,"minecraft:bread":25,"minecraft:jack_o_lantern":1,"minecraft:coarse_dirt":4,"minecraft:mud":6,"minecraft:charcoal":4,"artifacts:night_vision_goggles":1,"minecraft:chicken":1,"minecraft:ladder":1,"minecraft:gold_block":2,"minecraft:cornflower":1,"minecraft:iron_axe":25,"artifacts:feral_claws":1,"minecraft:item_frame":18,"minecraft:iron_shovel":1,"minecraft:cyan_carpet":7,"minecraft:poppy":1,"minecraft:lectern":1,"minecraft:chest":1,"minecraft:birch_sapling":5,"minecraft:raw_iron":7,"minecraft:sandstone":65,"minecraft:copper_ingot":6,"minecraft:spruce_fence":7,"alexsmobs:ambergris":2,"minecraft:carrot":1043,"minecraft:redstone":1,"minecraft:dark_oak_planks":5,"artifacts:snorkel":2,"minecraft:arrow":149,"minecraft:diamond_chestplate":2,"artifacts:cowboy_hat":2,"minecraft:pumpkin_pie":2,"artifacts:snowshoes":1,"artifacts:cross_necklace":1,"artifacts:pocket_piston":1,"minecraft:saddle":1,"minecraft:gold_ingot":40,"minecraft:mutton":2,"minecraft:golden_carrot":20,"minecraft:glow_ink_sac":15,"minecraft:salmon":9,"artifacts:anglers_hat":3,"artifacts:onion_ring":1,"minecraft:chainmail_chestplate":2,"artifacts:superstitious_hat":1,"artifacts:cloud_in_a_bottle":1,"minecraft:paper":10,"minecraft:cooked_mutton":1,"alexsmobs:cockroach_wing_fragment":1,"minecraft:spruce_wood":11,"artifacts:whoopee_cushion":3,"minecraft:iron_ingot":573,"minecraft:stone_pickaxe":1,"artifacts:steadfast_spikes":1,"minecraft:dark_oak_stairs":4,"minecraft:book":41,"minecraft:sculk_catalyst":1,"artifacts:obsidian_skull":2,"minecraft:sweet_berries":26,"minecraft:gravel":24,"minecraft:spruce_sapling":141,"minecraft:spruce_log":470,"minecraft:spider_eye":28,"artifacts:helium_flamingo":1,"travelersbackpack:standard":2,"minecraft:pumpkin_seeds":7,"minecraft:purple_bed":2,"minecraft:stone_axe":1,"minecraft:chainmail_leggings":5,"minecraft:dark_oak_wood":11,"minecraft:coal":28},"minecraft:broken":{"minecraft:stone_pickaxe":2,"minecraft:stone_axe":1,"minecraft:wooden_axe":2,"immersive_armors:bone_chestplate":1}},"DataVersion":3465}