{"stats":{"minecraft:used":{"minecraft:jack_o_lantern":1,"minecraft:iron_shovel":186,"minecraft:spruce_slab":5,"minecraft:ladder":1,"minecraft:chest":11,"minecraft:spruce_planks":5,"minecraft:rotten_flesh":1,"minecraft:torch":67,"minecraft:dirt":41,"minecraft:hopper":5,"minecraft:carrot":363,"minecraft:stripped_spruce_log":3,"minecraft:glass":2,"minecraft:iron_hoe":41,"minecraft:wooden_axe":160,"minecraft:iron_axe":332,"minecraft:dark_oak_wood":2,"minecraft:smooth_quartz":12,"minecraft:bow":95,"minecraft:golden_carrot":12,"minecraft:sweet_berries":5,"minecraft:furnace":1,"minecraft:cobbled_deepslate":39,"minecraft:cooked_mutton":1,"minecraft:dark_oak_stairs":1,"minecraft:diamond_boots":1,"minecraft:wither_skeleton_skull":2,"minecraft:stone_pickaxe":317,"minecraft:wooden_pickaxe":18,"minecraft:composter":1,"minecraft:fletching_table":3,"minecraft:sand":3,"minecraft:crafting_table":2,"minecraft:blast_furnace":1,"minecraft:spruce_log":19,"minecraft:iron_pickaxe":130,"minecraft:bread":8,"minecraft:cyan_carpet":1,"minecraft:gravel":4,"minecraft:stone_axe":95,"minecraft:diamond_sword":1877,"travelersbackpack:standard":10,"minecraft:potion":2,"minecraft:cobblestone":114,"minecraft:purple_bed":1,"minecraft:glass_pane":42,"minecraft:coarse_dirt":1,"minecraft:diamond_leggings":1,"minecraft:bone_meal":168},"minecraft:killed":{"minecraft:cave_spider":9,"minecraft:spider":18,"minecraft:skeleton":3,"minecraft:drowned":15,"artifacts:mimic":5,"minecraft:bat":2,"minecraft:iron_golem":1,"minecraft:creeper":2,"alexsmobs:catfish":1,"minecraft:zombie":8,"alexsmobs:terrapin":1,"minecraft:wither_skeleton":263,"minecraft:villager":1},"minecraft:crafted":{"minecraft:smooth_stone":3,"minecraft:chainmail_helmet":8,"minecraft:iron_nugget":13,"minecraft:furnace":2,"minecraft:blast_furnace":1,"minecraft:stone":3,"minecraft:bone_meal":114,"minecraft:glass_pane":64,"minecraft:glass":26,"minecraft:hopper":4,"minecraft:diamond_helmet":1,"minecraft:bow":1,"minecraft:diamond_leggings":1,"minecraft:iron_boots":10,"minecraft:iron_axe":5,"minecraft:iron_hoe":2,"minecraft:stone_pickaxe":13,"minecraft:chest":4,"minecraft:diamond_boots":2,"immersive_armors:bone_chestplate":1,"minecraft:arrow":32,"minecraft:emerald":115,"minecraft:diamond_axe":3,"minecraft:crafting_table":2,"minecraft:spruce_planks":1280,"minecraft:wooden_pickaxe":1,"minecraft:fletching_table":3,"minecraft:stone_axe":1,"minecraft:air":0,"minecraft:stick":3180,"minecraft:chainmail_boots":4,"minecraft:iron_ingot":28,"minecraft:wooden_axe":2,"minecraft:iron_block":3,"minecraft:iron_shovel":1,"minecraft:torch":56},"minecraft:custom":{"minecraft:interact_with_smithing_table":1,"minecraft:mob_kills":330,"minecraft:interact_with_anvil":9,"minecraft:inspect_hopper":6,"minecraft:interact_with_crafting_table":38,"minecraft:damage_dealt_resisted":31945,"minecraft:leave_game":5,"minecraft:time_since_death":5908,"minecraft:climb_one_cm":9056,"minecraft:sprint_one_cm":390647,"minecraft:walk_one_cm":850488,"minecraft:drop":118,"minecraft:play_noteblock":1,"minecraft:talked_to_villager":41,"minecraft:play_time":391285,"minecraft:deaths":49,"minecraft:sneak_time":3460,"minecraft:walk_under_water_one_cm":56267,"minecraft:jump":3074,"minecraft:interact_with_blast_furnace":3,"minecraft:walk_on_water_one_cm":73088,"minecraft:total_world_time":391285,"minecraft:interact_with_furnace":11,"minecraft:traded_with_villager":160,"minecraft:tune_noteblock":4,"minecraft:sleep_in_bed":6,"minecraft:time_since_rest":4835,"minecraft:damage_taken":13245,"minecraft:damage_dealt":112030,"minecraft:player_kills":3,"minecraft:swim_one_cm":111805,"minecraft:fly_one_cm":523349,"minecraft:open_chest":206,"minecraft:crouch_one_cm":7552,"minecraft:fall_one_cm":65631},"minecraft:broken":{"minecraft:stone_pickaxe":2,"minecraft:stone_axe":1,"minecraft:wooden_axe":2},"minecraft:mined":{"minecraft:attached_pumpkin_stem":2,"minecraft:dark_prismarine":2,"minecraft:spruce_planks":15,"minecraft:mossy_cobblestone":1,"minecraft:jack_o_lantern":1,"minecraft:mangrove_roots":6,"minecraft:grass_block":13,"minecraft:spruce_fence":4,"minecraft:spruce_leaves":2,"minecraft:composter":1,"minecraft:sandstone":66,"minecraft:spawner":5,"minecraft:large_fern":5,"minecraft:carrots":212,"minecraft:iron_ore":7,"minecraft:stripped_spruce_log":21,"minecraft:fletching_table":2,"minecraft:dark_oak_stairs":2,"minecraft:bookshelf":10,"minecraft:spruce_wood":8,"minecraft:stone":256,"minecraft:podzol":6,"minecraft:glass_pane":6,"minecraft:cornflower":1,"minecraft:torch":7,"minecraft:dark_oak_wood":5,"minecraft:chest":1,"minecraft:rose_bush":1,"minecraft:lectern":1,"minecraft:glass":1,"minecraft:wither_skeleton_wall_skull":2,"minecraft:copper_ore":1,"minecraft:cobblestone":23,"minecraft:wall_torch":3,"minecraft:purple_bed":2,"minecraft:coarse_dirt":3,"minecraft:wheat":11,"minecraft:sweet_berry_bush":4,"minecraft:spruce_log":463,"minecraft:birch_leaves":1,"minecraft:pumpkin_stem":1,"minecraft:grass":7,"minecraft:coal_ore":12,"minecraft:dirt":47,"minecraft:gravel":24,"minecraft:cyan_carpet":1,"minecraft:sand":125,"minecraft:smooth_quartz":39,"minecraft:stonecutter":1,"minecraft:oak_leaves":1,"minecraft:deepslate":25,"minecraft:fern":1},"minecraft:killed_by":{"minecraft:zombie_villager":1,"minecraft:player":12,"minecraft:wither_skeleton":14,"minecraft:creeper":2,"minecraft:spider":1,"minecraft:cave_spider":2,"minecraft:skeleton":4,"minecraft:zombie":1},"minecraft:dropped":{"minecraft:iron_ingot":4,"minecraft:bread":17,"minecraft:dark_oak_stairs":1,"minecraft:wheat_seeds":21,"minecraft:glow_ink_sac":6,"minecraft:diamond_leggings":1,"minecraft:cobblestone":12,"minecraft:saddle":2,"minecraft:copper_ingot":4,"minecraft:chainmail_helmet":8,"minecraft:cod":6,"minecraft:stick":39,"minecraft:flint":3,"minecraft:dirt":3,"minecraft:golden_carrot":4,"minecraft:ink_sac":24,"minecraft:torch":8,"minecraft:dark_oak_wood":3,"minecraft:smooth_quartz":27,"minecraft:potion":2,"minecraft:iron_axe":4,"minecraft:iron_pickaxe":1,"minecraft:iron_shovel":1,"minecraft:chainmail_leggings":1,"minecraft:string":25,"artifacts:cowboy_hat":1,"minecraft:spruce_sapling":25,"minecraft:gold_ingot":26,"minecraft:bone":12,"minecraft:hanging_roots":1,"minecraft:stone_axe":1,"minecraft:coarse_dirt":2,"minecraft:cobbled_deepslate":61,"minecraft:raw_copper":5,"minecraft:birch_sapling":2,"minecraft:rotten_flesh":34,"minecraft:wither_skeleton_skull":3,"minecraft:iron_hoe":1,"minecraft:salmon":6,"minecraft:carrot":129,"minecraft:chainmail_chestplate":1,"minecraft:filled_map":1,"minecraft:diamond_sword":4,"minecraft:poppy":1,"minecraft:spruce_planks":175,"artifacts:panic_necklace":1,"minecraft:chainmail_boots":4,"minecraft:spruce_wood":11,"minecraft:spider_eye":2,"minecraft:diamond_boots":1,"minecraft:arrow":31,"minecraft:dark_prismarine":2},"minecraft:picked_up":{"minecraft:wooden_axe":1,"minecraft:coarse_dirt":4,"minecraft:wheat":4,"minecraft:chicken":1,"minecraft:chainmail_boots":2,"minecraft:ladder":1,"minecraft:diamond_sword":7,"minecraft:potion":1,"minecraft:cornflower":1,"minecraft:string":49,"minecraft:raw_copper":5,"minecraft:iron_axe":3,"minecraft:iron_leggings":1,"minecraft:iron_shovel":1,"minecraft:cyan_carpet":2,"minecraft:cobbled_deepslate":103,"minecraft:spruce_planks":116,"minecraft:smooth_quartz":53,"minecraft:poppy":1,"minecraft:iron_pickaxe":1,"minecraft:lectern":1,"minecraft:chest":1,"minecraft:birch_sapling":5,"artifacts:universal_attractor":1,"minecraft:stick":85,"minecraft:raw_iron":7,"minecraft:sandstone":65,"minecraft:composter":1,"minecraft:copper_ingot":6,"minecraft:torch":25,"minecraft:spruce_fence":2,"alexsmobs:ambergris":2,"minecraft:redstone":1,"minecraft:carrot":785,"minecraft:dark_oak_planks":2,"artifacts:snorkel":1,"artifacts:lucky_scarf":1,"artifacts:cowboy_hat":1,"minecraft:arrow":124,"minecraft:rotten_flesh":40,"artifacts:villager_hat":1,"minecraft:saddle":1,"artifacts:pocket_piston":1,"minecraft:mangrove_roots":6,"minecraft:gold_ingot":25,"artifacts:panic_necklace":2,"minecraft:mutton":2,"minecraft:cod":6,"minecraft:cobblestone":446,"minecraft:glow_ink_sac":6,"minecraft:salmon":9,"artifacts:thorn_pendant":1,"artifacts:onion_ring":1,"minecraft:flint":4,"artifacts:cloud_in_a_bottle":1,"minecraft:wither_skeleton_skull":3,"artifacts:pickaxe_heater":2,"minecraft:paper":10,"minecraft:dirt":66,"minecraft:bone":89,"minecraft:hanging_roots":2,"minecraft:wheat_seeds":43,"alexsmobs:cockroach_wing_fragment":1,"minecraft:spruce_wood":11,"minecraft:stone_pickaxe":1,"minecraft:iron_ingot":413,"minecraft:fletching_table":2,"artifacts:antidote_vessel":1,"minecraft:dark_oak_stairs":2,"minecraft:book":21,"artifacts:obsidian_skull":1,"minecraft:sweet_berries":11,"minecraft:gravel":24,"minecraft:sand":121,"minecraft:stripped_spruce_log":21,"minecraft:spruce_sapling":128,"minecraft:ink_sac":27,"minecraft:spruce_log":404,"minecraft:spider_eye":8,"minecraft:mossy_cobblestone":1,"minecraft:dark_prismarine":2,"travelersbackpack:standard":2,"minecraft:pumpkin_seeds":7,"minecraft:purple_bed":2,"minecraft:stone_axe":1,"minecraft:chainmail_leggings":1,"minecraft:bone_meal":193,"minecraft:emerald":47,"minecraft:bread":1,"minecraft:jack_o_lantern":1,"minecraft:dark_oak_wood":6,"minecraft:coal":26}},"DataVersion":3465}